query_validation,#Scan#
Monohydroxy_stage1,90409
Monohydroxy_stage1,90842
Monohydroxy_stage1,90856
Monohydroxy_stage1,91107
Monohydroxy_stage1,92853
Monohydroxy_stage1,94522
Monohydroxy_stage1,94539
Monohydroxy_stage1,96379
Monohydroxy_stage1,97490
Monohydroxy_stage1,98448
Monohydroxy_stage1,98563
Monohydroxy_stage1,98630
Monohydroxy_stage1,98723
Monohydroxy_stage1,98739
Monohydroxy_stage1,98742
Monohydroxy_stage1,101659
Monohydroxy_stage1,102512
Monohydroxy_stage1,102581
Monohydroxy_stage1,107150
Monohydroxy_stage1,108617
Monohydroxy_stage1,108923
Monohydroxy_stage1,109387
Monohydroxy_stage1,109395
Monohydroxy_stage1,109665
Monohydroxy_stage1,110171
Monohydroxy_stage1,111178
Monohydroxy_stage1,112813
Monohydroxy_stage1,114867
Monohydroxy_stage1,114989
Monohydroxy_stage1,115175
Monohydroxy_stage1,116008
Monohydroxy_stage1,116439
Monohydroxy_stage1,116512
Monohydroxy_stage1,116517
Monohydroxy_stage1,116536
Monohydroxy_stage1,117590
Monohydroxy_stage1,119524
Monohydroxy_stage1,120750
Monohydroxy_stage1,120891
Monohydroxy_stage1,121058
Monohydroxy_stage1,121090
Monohydroxy_stage1,121692
Monohydroxy_stage1,122732
Monohydroxy_stage1,122735
Monohydroxy_stage1,122838
Monohydroxy_stage1,122842
Monohydroxy_stage1,122843
Monohydroxy_stage1,122846
Monohydroxy_stage1,122865
Monohydroxy_stage1,122869
Monohydroxy_stage1,122870
Monohydroxy_stage1,122890
Monohydroxy_stage1,122895
Monohydroxy_stage1,122916
Monohydroxy_stage1,122919
Monohydroxy_stage1,122931
Monohydroxy_stage1,122932
Monohydroxy_stage1,122938
Monohydroxy_stage1,123688
Monohydroxy_stage1,125151
Monohydroxy_stage1,126626
Monohydroxy_stage1,126843
Monohydroxy_stage1,127563
Monohydroxy_stage1,127928
Monohydroxy_stage1,127935
Monohydroxy_stage1,127948
Monohydroxy_stage1,128814
Monohydroxy_stage1,128836
Monohydroxy_stage2,nan
Mono-3a-OH,81575
Mono-3a-OH,81758
Mono-3a-OH,83372
Mono-3a-OH,85828
Mono-3a-OH,88590
Mono-3a-OH,88933
Mono-3a-OH,90060
Mono-3a-OH,90136
Mono-3a-OH,90627
Mono-3a-OH,91056
Mono-3a-OH,91479
Mono-3a-OH,91965
Mono-3a-OH,92199
Mono-3a-OH,92307
Mono-3a-OH,92889
Mono-3a-OH,93625
Mono-3a-OH,93640
Mono-3a-OH,93670
Mono-3a-OH,93837
Mono-3a-OH,94072
Mono-3a-OH,94394
Mono-3a-OH,94522
Mono-3a-OH,94539
Mono-3a-OH,94716
Mono-3a-OH,95037
Mono-3a-OH,95103
Mono-3a-OH,95417
Mono-3a-OH,95779
Mono-3a-OH,96234
Mono-3a-OH,96421
Mono-3a-OH,97571
Mono-3a-OH,98279
Mono-3a-OH,98713
Mono-3a-OH,98788
Mono-3a-OH,98796
Mono-3a-OH,98799
Mono-3a-OH,98800
Mono-3a-OH,98917
Mono-3a-OH,99261
Mono-3a-OH,99288
Mono-3a-OH,99332
Mono-3a-OH,99604
Mono-3a-OH,99659
Mono-3a-OH,99763
Mono-3a-OH,99807
Mono-3a-OH,100108
Mono-3a-OH,101286
Mono-3a-OH,101659
Mono-3a-OH,101834
Mono-3a-OH,101877
Mono-3a-OH,102274
Mono-3a-OH,102393
Mono-3a-OH,102656
Mono-3a-OH,102707
Mono-3a-OH,102883
Mono-3a-OH,102886
Mono-3a-OH,104099
Mono-3a-OH,104542
Mono-3a-OH,104776
Mono-3a-OH,105142
Mono-3a-OH,105190
Mono-3a-OH,106229
Mono-3a-OH,106230
Mono-3a-OH,106231
Mono-3a-OH,106574
Mono-3a-OH,106580
Mono-3a-OH,106671
Mono-3a-OH,106817
Mono-3a-OH,107150
Mono-3a-OH,107246
Mono-3a-OH,107440
Mono-3a-OH,107446
Mono-3a-OH,107755
Mono-3a-OH,107868
Mono-3a-OH,107869
Mono-3a-OH,108349
Mono-3a-OH,108353
Mono-3a-OH,108914
Mono-3a-OH,108923
Mono-3a-OH,109011
Mono-3a-OH,110171
Mono-3a-OH,110261
Mono-3a-OH,110833
Mono-3a-OH,110963
Mono-3a-OH,111801
Mono-3a-OH,111818
Mono-3a-OH,111838
Mono-3a-OH,111843
Mono-3a-OH,111852
Mono-3a-OH,111905
Mono-3a-OH,111906
Mono-3a-OH,111962
Mono-3a-OH,111969
Mono-3a-OH,112371
Mono-3a-OH,112400
Mono-3a-OH,112499
Mono-3a-OH,113933
Mono-3a-OH,114327
Mono-3a-OH,114674
Mono-3a-OH,115149
Mono-3a-OH,115175
Mono-3a-OH,115873
Mono-3a-OH,116008
Mono-3a-OH,116512
Mono-3a-OH,116517
Mono-3a-OH,116536
Mono-3a-OH,117981
Mono-3a-OH,119328
Mono-3a-OH,119493
Mono-3a-OH,119809
Mono-3a-OH,120218
Mono-3a-OH,120343
Mono-3a-OH,120750
Mono-3a-OH,121090
Mono-3a-OH,121163
Mono-3a-OH,122916
Mono-3a-OH,123210
Mono-3a-OH,123571
Mono-3a-OH,124015
Mono-3a-OH,124020
Mono-3a-OH,124032
Mono-3a-OH,124965
Mono-3a-OH,125570
Mono-3a-OH,125572
Mono-3a-OH,126058
Mono-3a-OH,126843
Mono-3a-OH,127717
Mono-3a-OH,127928
Mono-3a-OH,128453
Mono-3a-OH,128491
Mono-3a-OH,128658
Mono-3a-OH,128687
Mono-3a-OH,128836
Mono-3a-OH,131823
Mono-3a-OH,132673
Mono-7b-OH,116512
Mono-7b-OH,116536
Dihydroxy_stage1,81730
Dihydroxy_stage1,82364
Dihydroxy_stage1,83470
Dihydroxy_stage1,83583
Dihydroxy_stage1,83637
Dihydroxy_stage1,84935
Dihydroxy_stage1,84976
Dihydroxy_stage1,86172
Dihydroxy_stage1,86615
Dihydroxy_stage1,86753
Dihydroxy_stage1,86758
Dihydroxy_stage1,86944
Dihydroxy_stage1,87192
Dihydroxy_stage1,87456
Dihydroxy_stage1,87630
Dihydroxy_stage1,87752
Dihydroxy_stage1,87774
Dihydroxy_stage1,87830
Dihydroxy_stage1,88033
Dihydroxy_stage1,88061
Dihydroxy_stage1,88573
Dihydroxy_stage1,88587
Dihydroxy_stage1,89396
Dihydroxy_stage1,89506
Dihydroxy_stage1,89637
Dihydroxy_stage1,89644
Dihydroxy_stage1,89704
Dihydroxy_stage1,89770
Dihydroxy_stage1,90028
Dihydroxy_stage1,90060
Dihydroxy_stage1,90118
Dihydroxy_stage1,90136
Dihydroxy_stage1,90175
Dihydroxy_stage1,90188
Dihydroxy_stage1,90201
Dihydroxy_stage1,90211
Dihydroxy_stage1,90290
Dihydroxy_stage1,90361
Dihydroxy_stage1,90400
Dihydroxy_stage1,90401
Dihydroxy_stage1,90402
Dihydroxy_stage1,90407
Dihydroxy_stage1,90408
Dihydroxy_stage1,90409
Dihydroxy_stage1,90412
Dihydroxy_stage1,90443
Dihydroxy_stage1,90718
Dihydroxy_stage1,90773
Dihydroxy_stage1,90776
Dihydroxy_stage1,90958
Dihydroxy_stage1,91008
Dihydroxy_stage1,91041
Dihydroxy_stage1,91055
Dihydroxy_stage1,91056
Dihydroxy_stage1,91104
Dihydroxy_stage1,91107
Dihydroxy_stage1,91170
Dihydroxy_stage1,91189
Dihydroxy_stage1,91263
Dihydroxy_stage1,91267
Dihydroxy_stage1,91291
Dihydroxy_stage1,91467
Dihydroxy_stage1,91763
Dihydroxy_stage1,91801
Dihydroxy_stage1,91965
Dihydroxy_stage1,92045
Dihydroxy_stage1,92116
Dihydroxy_stage1,92198
Dihydroxy_stage1,92199
Dihydroxy_stage1,92216
Dihydroxy_stage1,92217
Dihydroxy_stage1,92274
Dihydroxy_stage1,92307
Dihydroxy_stage1,92447
Dihydroxy_stage1,92475
Dihydroxy_stage1,92536
Dihydroxy_stage1,92537
Dihydroxy_stage1,92617
Dihydroxy_stage1,92709
Dihydroxy_stage1,92746
Dihydroxy_stage1,92747
Dihydroxy_stage1,92809
Dihydroxy_stage1,92825
Dihydroxy_stage1,92828
Dihydroxy_stage1,92864
Dihydroxy_stage1,92889
Dihydroxy_stage1,92895
Dihydroxy_stage1,92932
Dihydroxy_stage1,92944
Dihydroxy_stage1,92951
Dihydroxy_stage1,92991
Dihydroxy_stage1,92996
Dihydroxy_stage1,93013
Dihydroxy_stage1,93042
Dihydroxy_stage1,93044
Dihydroxy_stage1,93048
Dihydroxy_stage1,93052
Dihydroxy_stage1,93172
Dihydroxy_stage1,93417
Dihydroxy_stage1,93640
Dihydroxy_stage1,93652
Dihydroxy_stage1,93670
Dihydroxy_stage1,93673
Dihydroxy_stage1,93791
Dihydroxy_stage1,93867
Dihydroxy_stage1,94204
Dihydroxy_stage1,94209
Dihydroxy_stage1,94394
Dihydroxy_stage1,94483
Dihydroxy_stage1,94508
Dihydroxy_stage1,94716
Dihydroxy_stage1,94854
Dihydroxy_stage1,94915
Dihydroxy_stage1,94916
Dihydroxy_stage1,94949
Dihydroxy_stage1,94953
Dihydroxy_stage1,95026
Dihydroxy_stage1,95037
Dihydroxy_stage1,95218
Dihydroxy_stage1,95559
Dihydroxy_stage1,95693
Dihydroxy_stage1,96234
Dihydroxy_stage1,96368
Dihydroxy_stage1,96421
Dihydroxy_stage1,96566
Dihydroxy_stage1,96665
Dihydroxy_stage1,96668
Dihydroxy_stage1,96782
Dihydroxy_stage1,96860
Dihydroxy_stage1,96883
Dihydroxy_stage1,97032
Dihydroxy_stage1,97080
Dihydroxy_stage1,97243
Dihydroxy_stage1,97244
Dihydroxy_stage1,97339
Dihydroxy_stage1,97541
Dihydroxy_stage1,97571
Dihydroxy_stage1,97584
Dihydroxy_stage1,98037
Dihydroxy_stage1,98216
Dihydroxy_stage1,98371
Dihydroxy_stage1,98551
Dihydroxy_stage1,98556
Dihydroxy_stage1,98560
Dihydroxy_stage1,98713
Dihydroxy_stage1,98786
Dihydroxy_stage1,98788
Dihydroxy_stage1,98790
Dihydroxy_stage1,98796
Dihydroxy_stage1,98799
Dihydroxy_stage1,98800
Dihydroxy_stage1,98917
Dihydroxy_stage1,98922
Dihydroxy_stage1,98937
Dihydroxy_stage1,98985
Dihydroxy_stage1,99160
Dihydroxy_stage1,99261
Dihydroxy_stage1,99288
Dihydroxy_stage1,99332
Dihydroxy_stage1,99403
Dihydroxy_stage1,99501
Dihydroxy_stage1,99600
Dihydroxy_stage1,99604
Dihydroxy_stage1,99659
Dihydroxy_stage1,99683
Dihydroxy_stage1,99763
Dihydroxy_stage1,99769
Dihydroxy_stage1,99807
Dihydroxy_stage1,99941
Dihydroxy_stage1,99961
Dihydroxy_stage1,100005
Dihydroxy_stage1,100108
Dihydroxy_stage1,100279
Dihydroxy_stage1,100315
Dihydroxy_stage1,100356
Dihydroxy_stage1,100380
Dihydroxy_stage1,100476
Dihydroxy_stage1,100509
Dihydroxy_stage1,100631
Dihydroxy_stage1,101171
Dihydroxy_stage1,101187
Dihydroxy_stage1,101189
Dihydroxy_stage1,101193
Dihydroxy_stage1,101195
Dihydroxy_stage1,101197
Dihydroxy_stage1,101198
Dihydroxy_stage1,101277
Dihydroxy_stage1,101285
Dihydroxy_stage1,101286
Dihydroxy_stage1,101381
Dihydroxy_stage1,101403
Dihydroxy_stage1,101404
Dihydroxy_stage1,101430
Dihydroxy_stage1,101437
Dihydroxy_stage1,101474
Dihydroxy_stage1,101547
Dihydroxy_stage1,101549
Dihydroxy_stage1,101877
Dihydroxy_stage1,101911
Dihydroxy_stage1,102178
Dihydroxy_stage1,102273
Dihydroxy_stage1,102274
Dihydroxy_stage1,102307
Dihydroxy_stage1,102313
Dihydroxy_stage1,102320
Dihydroxy_stage1,102321
Dihydroxy_stage1,102322
Dihydroxy_stage1,102325
Dihydroxy_stage1,102328
Dihydroxy_stage1,102331
Dihydroxy_stage1,102333
Dihydroxy_stage1,102335
Dihydroxy_stage1,102338
Dihydroxy_stage1,102377
Dihydroxy_stage1,102393
Dihydroxy_stage1,102521
Dihydroxy_stage1,102527
Dihydroxy_stage1,102611
Dihydroxy_stage1,102615
Dihydroxy_stage1,102637
Dihydroxy_stage1,102638
Dihydroxy_stage1,102656
Dihydroxy_stage1,102664
Dihydroxy_stage1,102707
Dihydroxy_stage1,102714
Dihydroxy_stage1,102716
Dihydroxy_stage1,102717
Dihydroxy_stage1,102718
Dihydroxy_stage1,102772
Dihydroxy_stage1,102883
Dihydroxy_stage1,102886
Dihydroxy_stage1,103728
Dihydroxy_stage1,103879
Dihydroxy_stage1,103906
Dihydroxy_stage1,103934
Dihydroxy_stage1,104099
Dihydroxy_stage1,104476
Dihydroxy_stage1,104542
Dihydroxy_stage1,104629
Dihydroxy_stage1,105142
Dihydroxy_stage1,105408
Dihydroxy_stage1,105425
Dihydroxy_stage1,105697
Dihydroxy_stage1,106081
Dihydroxy_stage1,106229
Dihydroxy_stage1,106230
Dihydroxy_stage1,106231
Dihydroxy_stage1,106240
Dihydroxy_stage1,106253
Dihydroxy_stage1,106260
Dihydroxy_stage1,106263
Dihydroxy_stage1,106265
Dihydroxy_stage1,106278
Dihydroxy_stage1,106282
Dihydroxy_stage1,106536
Dihydroxy_stage1,106553
Dihydroxy_stage1,106574
Dihydroxy_stage1,106671
Dihydroxy_stage1,106752
Dihydroxy_stage1,106765
Dihydroxy_stage1,106801
Dihydroxy_stage1,106817
Dihydroxy_stage1,107217
Dihydroxy_stage1,107238
Dihydroxy_stage1,107246
Dihydroxy_stage1,107247
Dihydroxy_stage1,107341
Dihydroxy_stage1,107440
Dihydroxy_stage1,107446
Dihydroxy_stage1,107451
Dihydroxy_stage1,107470
Dihydroxy_stage1,107755
Dihydroxy_stage1,108221
Dihydroxy_stage1,108276
Dihydroxy_stage1,110103
Dihydroxy_stage1,110261
Dihydroxy_stage1,110423
Dihydroxy_stage1,110547
Dihydroxy_stage1,110833
Dihydroxy_stage1,110931
Dihydroxy_stage1,110933
Dihydroxy_stage1,110938
Dihydroxy_stage1,110941
Dihydroxy_stage1,110961
Dihydroxy_stage1,110963
Dihydroxy_stage1,110973
Dihydroxy_stage1,110984
Dihydroxy_stage1,110996
Dihydroxy_stage1,111012
Dihydroxy_stage1,111387
Dihydroxy_stage1,111607
Dihydroxy_stage1,111670
Dihydroxy_stage1,111732
Dihydroxy_stage1,111791
Dihydroxy_stage1,111801
Dihydroxy_stage1,111818
Dihydroxy_stage1,111821
Dihydroxy_stage1,111822
Dihydroxy_stage1,111823
Dihydroxy_stage1,111825
Dihydroxy_stage1,111826
Dihydroxy_stage1,111828
Dihydroxy_stage1,111829
Dihydroxy_stage1,111838
Dihydroxy_stage1,111843
Dihydroxy_stage1,111846
Dihydroxy_stage1,111852
Dihydroxy_stage1,111879
Dihydroxy_stage1,111892
Dihydroxy_stage1,111905
Dihydroxy_stage1,111906
Dihydroxy_stage1,111911
Dihydroxy_stage1,111926
Dihydroxy_stage1,111959
Dihydroxy_stage1,111961
Dihydroxy_stage1,111962
Dihydroxy_stage1,111969
Dihydroxy_stage1,111970
Dihydroxy_stage1,111982
Dihydroxy_stage1,112346
Dihydroxy_stage1,112371
Dihydroxy_stage1,112399
Dihydroxy_stage1,112400
Dihydroxy_stage1,112499
Dihydroxy_stage1,112734
Dihydroxy_stage1,113046
Dihydroxy_stage1,113654
Dihydroxy_stage1,113933
Dihydroxy_stage1,114048
Dihydroxy_stage1,114050
Dihydroxy_stage1,114327
Dihydroxy_stage1,114407
Dihydroxy_stage1,114674
Dihydroxy_stage1,115149
Dihydroxy_stage1,115629
Dihydroxy_stage1,115712
Dihydroxy_stage1,115873
Dihydroxy_stage1,116312
Dihydroxy_stage1,116641
Dihydroxy_stage1,117981
Dihydroxy_stage1,118586
Dihydroxy_stage1,119228
Dihydroxy_stage1,119633
Dihydroxy_stage1,119677
Dihydroxy_stage1,119702
Dihydroxy_stage1,119773
Dihydroxy_stage1,119780
Dihydroxy_stage1,119781
Dihydroxy_stage1,119847
Dihydroxy_stage1,120224
Dihydroxy_stage1,121163
Dihydroxy_stage1,121665
Dihydroxy_stage1,122412
Dihydroxy_stage1,122426
Dihydroxy_stage1,122748
Dihydroxy_stage1,122907
Dihydroxy_stage1,123184
Dihydroxy_stage1,123210
Dihydroxy_stage1,123279
Dihydroxy_stage1,123280
Dihydroxy_stage1,123828
Dihydroxy_stage1,123942
Dihydroxy_stage1,124003
Dihydroxy_stage1,124015
Dihydroxy_stage1,124016
Dihydroxy_stage1,124020
Dihydroxy_stage1,124032
Dihydroxy_stage1,124037
Dihydroxy_stage1,124039
Dihydroxy_stage1,124040
Dihydroxy_stage1,124965
Dihydroxy_stage1,125356
Dihydroxy_stage1,125392
Dihydroxy_stage1,125396
Dihydroxy_stage1,125479
Dihydroxy_stage1,125544
Dihydroxy_stage1,125552
Dihydroxy_stage1,125570
Dihydroxy_stage1,125572
Dihydroxy_stage1,126000
Dihydroxy_stage1,126058
Dihydroxy_stage1,126167
Dihydroxy_stage1,127413
Dihydroxy_stage1,127717
Dihydroxy_stage1,128453
Dihydroxy_stage1,128491
Dihydroxy_stage1,128658
Dihydroxy_stage1,128687
Dihydroxy_stage1,128814
Dihydroxy_stage1,131286
Dihydroxy_stage1,131823
Dihydroxy_stage1,132188
Dihydroxy_stage1,132432
Dihydroxy_stage1,133988
Dihydroxy_stage1,135188
Dihydroxy_stage2,nan
Di-1-ketone,nan
"Di-3,7-OH|Di-3,6-OH|Di-3,12b-OH|Di-7,12b-OH",81730
"Di-3,7-OH|Di-3,6-OH|Di-3,12b-OH|Di-7,12b-OH",84935
"Di-3,7-OH|Di-3,6-OH|Di-3,12b-OH|Di-7,12b-OH",86628
"Di-3,7-OH|Di-3,6-OH|Di-3,12b-OH|Di-7,12b-OH",86758
"Di-3,7-OH|Di-3,6-OH|Di-3,12b-OH|Di-7,12b-OH",86944
"Di-3,7-OH|Di-3,6-OH|Di-3,12b-OH|Di-7,12b-OH",87003
"Di-3,7-OH|Di-3,6-OH|Di-3,12b-OH|Di-7,12b-OH",88033
"Di-3,7-OH|Di-3,6-OH|Di-3,12b-OH|Di-7,12b-OH",88061
"Di-3,7-OH|Di-3,6-OH|Di-3,12b-OH|Di-7,12b-OH",88912
"Di-3,7-OH|Di-3,6-OH|Di-3,12b-OH|Di-7,12b-OH",89770
"Di-3,7-OH|Di-3,6-OH|Di-3,12b-OH|Di-7,12b-OH",90060
"Di-3,7-OH|Di-3,6-OH|Di-3,12b-OH|Di-7,12b-OH",90175
"Di-3,7-OH|Di-3,6-OH|Di-3,12b-OH|Di-7,12b-OH",90188
"Di-3,7-OH|Di-3,6-OH|Di-3,12b-OH|Di-7,12b-OH",90201
"Di-3,7-OH|Di-3,6-OH|Di-3,12b-OH|Di-7,12b-OH",90400
"Di-3,7-OH|Di-3,6-OH|Di-3,12b-OH|Di-7,12b-OH",90408
"Di-3,7-OH|Di-3,6-OH|Di-3,12b-OH|Di-7,12b-OH",90412
"Di-3,7-OH|Di-3,6-OH|Di-3,12b-OH|Di-7,12b-OH",90773
"Di-3,7-OH|Di-3,6-OH|Di-3,12b-OH|Di-7,12b-OH",90842
"Di-3,7-OH|Di-3,6-OH|Di-3,12b-OH|Di-7,12b-OH",90856
"Di-3,7-OH|Di-3,6-OH|Di-3,12b-OH|Di-7,12b-OH",91055
"Di-3,7-OH|Di-3,6-OH|Di-3,12b-OH|Di-7,12b-OH",91170
"Di-3,7-OH|Di-3,6-OH|Di-3,12b-OH|Di-7,12b-OH",91263
"Di-3,7-OH|Di-3,6-OH|Di-3,12b-OH|Di-7,12b-OH",91267
"Di-3,7-OH|Di-3,6-OH|Di-3,12b-OH|Di-7,12b-OH",91479
"Di-3,7-OH|Di-3,6-OH|Di-3,12b-OH|Di-7,12b-OH",91536
"Di-3,7-OH|Di-3,6-OH|Di-3,12b-OH|Di-7,12b-OH",91763
"Di-3,7-OH|Di-3,6-OH|Di-3,12b-OH|Di-7,12b-OH",92116
"Di-3,7-OH|Di-3,6-OH|Di-3,12b-OH|Di-7,12b-OH",92198
"Di-3,7-OH|Di-3,6-OH|Di-3,12b-OH|Di-7,12b-OH",92199
"Di-3,7-OH|Di-3,6-OH|Di-3,12b-OH|Di-7,12b-OH",92709
"Di-3,7-OH|Di-3,6-OH|Di-3,12b-OH|Di-7,12b-OH",92746
"Di-3,7-OH|Di-3,6-OH|Di-3,12b-OH|Di-7,12b-OH",92828
"Di-3,7-OH|Di-3,6-OH|Di-3,12b-OH|Di-7,12b-OH",92895
"Di-3,7-OH|Di-3,6-OH|Di-3,12b-OH|Di-7,12b-OH",92991
"Di-3,7-OH|Di-3,6-OH|Di-3,12b-OH|Di-7,12b-OH",92996
"Di-3,7-OH|Di-3,6-OH|Di-3,12b-OH|Di-7,12b-OH",93837
"Di-3,7-OH|Di-3,6-OH|Di-3,12b-OH|Di-7,12b-OH",94169
"Di-3,7-OH|Di-3,6-OH|Di-3,12b-OH|Di-7,12b-OH",94204
"Di-3,7-OH|Di-3,6-OH|Di-3,12b-OH|Di-7,12b-OH",94214
"Di-3,7-OH|Di-3,6-OH|Di-3,12b-OH|Di-7,12b-OH",94228
"Di-3,7-OH|Di-3,6-OH|Di-3,12b-OH|Di-7,12b-OH",94949
"Di-3,7-OH|Di-3,6-OH|Di-3,12b-OH|Di-7,12b-OH",96665
"Di-3,7-OH|Di-3,6-OH|Di-3,12b-OH|Di-7,12b-OH",96734
"Di-3,7-OH|Di-3,6-OH|Di-3,12b-OH|Di-7,12b-OH",96883
"Di-3,7-OH|Di-3,6-OH|Di-3,12b-OH|Di-7,12b-OH",97080
"Di-3,7-OH|Di-3,6-OH|Di-3,12b-OH|Di-7,12b-OH",97977
"Di-3,7-OH|Di-3,6-OH|Di-3,12b-OH|Di-7,12b-OH",97997
"Di-3,7-OH|Di-3,6-OH|Di-3,12b-OH|Di-7,12b-OH",98551
"Di-3,7-OH|Di-3,6-OH|Di-3,12b-OH|Di-7,12b-OH",98556
"Di-3,7-OH|Di-3,6-OH|Di-3,12b-OH|Di-7,12b-OH",98917
"Di-3,7-OH|Di-3,6-OH|Di-3,12b-OH|Di-7,12b-OH",99600
"Di-3,7-OH|Di-3,6-OH|Di-3,12b-OH|Di-7,12b-OH",100509
"Di-3,7-OH|Di-3,6-OH|Di-3,12b-OH|Di-7,12b-OH",101171
"Di-3,7-OH|Di-3,6-OH|Di-3,12b-OH|Di-7,12b-OH",101198
"Di-3,7-OH|Di-3,6-OH|Di-3,12b-OH|Di-7,12b-OH",101285
"Di-3,7-OH|Di-3,6-OH|Di-3,12b-OH|Di-7,12b-OH",101381
"Di-3,7-OH|Di-3,6-OH|Di-3,12b-OH|Di-7,12b-OH",101403
"Di-3,7-OH|Di-3,6-OH|Di-3,12b-OH|Di-7,12b-OH",101437
"Di-3,7-OH|Di-3,6-OH|Di-3,12b-OH|Di-7,12b-OH",101547
"Di-3,7-OH|Di-3,6-OH|Di-3,12b-OH|Di-7,12b-OH",101549
"Di-3,7-OH|Di-3,6-OH|Di-3,12b-OH|Di-7,12b-OH",101659
"Di-3,7-OH|Di-3,6-OH|Di-3,12b-OH|Di-7,12b-OH",101877
"Di-3,7-OH|Di-3,6-OH|Di-3,12b-OH|Di-7,12b-OH",101911
"Di-3,7-OH|Di-3,6-OH|Di-3,12b-OH|Di-7,12b-OH",102313
"Di-3,7-OH|Di-3,6-OH|Di-3,12b-OH|Di-7,12b-OH",104312
"Di-3,7-OH|Di-3,6-OH|Di-3,12b-OH|Di-7,12b-OH",104662
"Di-3,7-OH|Di-3,6-OH|Di-3,12b-OH|Di-7,12b-OH",104745
"Di-3,7-OH|Di-3,6-OH|Di-3,12b-OH|Di-7,12b-OH",104950
"Di-3,7-OH|Di-3,6-OH|Di-3,12b-OH|Di-7,12b-OH",105142
"Di-3,7-OH|Di-3,6-OH|Di-3,12b-OH|Di-7,12b-OH",105190
"Di-3,7-OH|Di-3,6-OH|Di-3,12b-OH|Di-7,12b-OH",107440
"Di-3,7-OH|Di-3,6-OH|Di-3,12b-OH|Di-7,12b-OH",107451
"Di-3,7-OH|Di-3,6-OH|Di-3,12b-OH|Di-7,12b-OH",107701
"Di-3,7-OH|Di-3,6-OH|Di-3,12b-OH|Di-7,12b-OH",107705
"Di-3,7-OH|Di-3,6-OH|Di-3,12b-OH|Di-7,12b-OH",107755
"Di-3,7-OH|Di-3,6-OH|Di-3,12b-OH|Di-7,12b-OH",107796
"Di-3,7-OH|Di-3,6-OH|Di-3,12b-OH|Di-7,12b-OH",107804
"Di-3,7-OH|Di-3,6-OH|Di-3,12b-OH|Di-7,12b-OH",107833
"Di-3,7-OH|Di-3,6-OH|Di-3,12b-OH|Di-7,12b-OH",107868
"Di-3,7-OH|Di-3,6-OH|Di-3,12b-OH|Di-7,12b-OH",107869
"Di-3,7-OH|Di-3,6-OH|Di-3,12b-OH|Di-7,12b-OH",107877
"Di-3,7-OH|Di-3,6-OH|Di-3,12b-OH|Di-7,12b-OH",108353
"Di-3,7-OH|Di-3,6-OH|Di-3,12b-OH|Di-7,12b-OH",108364
"Di-3,7-OH|Di-3,6-OH|Di-3,12b-OH|Di-7,12b-OH",108374
"Di-3,7-OH|Di-3,6-OH|Di-3,12b-OH|Di-7,12b-OH",108398
"Di-3,7-OH|Di-3,6-OH|Di-3,12b-OH|Di-7,12b-OH",108554
"Di-3,7-OH|Di-3,6-OH|Di-3,12b-OH|Di-7,12b-OH",108914
"Di-3,7-OH|Di-3,6-OH|Di-3,12b-OH|Di-7,12b-OH",108960
"Di-3,7-OH|Di-3,6-OH|Di-3,12b-OH|Di-7,12b-OH",109011
"Di-3,7-OH|Di-3,6-OH|Di-3,12b-OH|Di-7,12b-OH",109069
"Di-3,7-OH|Di-3,6-OH|Di-3,12b-OH|Di-7,12b-OH",109647
"Di-3,7-OH|Di-3,6-OH|Di-3,12b-OH|Di-7,12b-OH",110171
"Di-3,7-OH|Di-3,6-OH|Di-3,12b-OH|Di-7,12b-OH",110941
"Di-3,7-OH|Di-3,6-OH|Di-3,12b-OH|Di-7,12b-OH",110963
"Di-3,7-OH|Di-3,6-OH|Di-3,12b-OH|Di-7,12b-OH",111012
"Di-3,7-OH|Di-3,6-OH|Di-3,12b-OH|Di-7,12b-OH",111818
"Di-3,7-OH|Di-3,6-OH|Di-3,12b-OH|Di-7,12b-OH",111825
"Di-3,7-OH|Di-3,6-OH|Di-3,12b-OH|Di-7,12b-OH",111846
"Di-3,7-OH|Di-3,6-OH|Di-3,12b-OH|Di-7,12b-OH",112346
"Di-3,7-OH|Di-3,6-OH|Di-3,12b-OH|Di-7,12b-OH",112531
"Di-3,7-OH|Di-3,6-OH|Di-3,12b-OH|Di-7,12b-OH",114050
"Di-3,7-OH|Di-3,6-OH|Di-3,12b-OH|Di-7,12b-OH",114674
"Di-3,7-OH|Di-3,6-OH|Di-3,12b-OH|Di-7,12b-OH",115149
"Di-3,7-OH|Di-3,6-OH|Di-3,12b-OH|Di-7,12b-OH",115629
"Di-3,7-OH|Di-3,6-OH|Di-3,12b-OH|Di-7,12b-OH",116209
"Di-3,7-OH|Di-3,6-OH|Di-3,12b-OH|Di-7,12b-OH",116836
"Di-3,7-OH|Di-3,6-OH|Di-3,12b-OH|Di-7,12b-OH",118380
"Di-3,7-OH|Di-3,6-OH|Di-3,12b-OH|Di-7,12b-OH",119328
"Di-3,7-OH|Di-3,6-OH|Di-3,12b-OH|Di-7,12b-OH",119773
"Di-3,7-OH|Di-3,6-OH|Di-3,12b-OH|Di-7,12b-OH",119809
"Di-3,7-OH|Di-3,6-OH|Di-3,12b-OH|Di-7,12b-OH",120218
"Di-3,7-OH|Di-3,6-OH|Di-3,12b-OH|Di-7,12b-OH",120343
"Di-3,7-OH|Di-3,6-OH|Di-3,12b-OH|Di-7,12b-OH",122907
"Di-3,7-OH|Di-3,6-OH|Di-3,12b-OH|Di-7,12b-OH",123571
"Di-3,7-OH|Di-3,6-OH|Di-3,12b-OH|Di-7,12b-OH",123828
"Di-3,7-OH|Di-3,6-OH|Di-3,12b-OH|Di-7,12b-OH",124015
"Di-3,7-OH|Di-3,6-OH|Di-3,12b-OH|Di-7,12b-OH",124032
"Di-3,7-OH|Di-3,6-OH|Di-3,12b-OH|Di-7,12b-OH",124081
"Di-3,7-OH|Di-3,6-OH|Di-3,12b-OH|Di-7,12b-OH",124337
"Di-3,7-OH|Di-3,6-OH|Di-3,12b-OH|Di-7,12b-OH",124389
"Di-3,7-OH|Di-3,6-OH|Di-3,12b-OH|Di-7,12b-OH",124390
"Di-3,7-OH|Di-3,6-OH|Di-3,12b-OH|Di-7,12b-OH",124965
"Di-3,7-OH|Di-3,6-OH|Di-3,12b-OH|Di-7,12b-OH",125356
"Di-3,7-OH|Di-3,6-OH|Di-3,12b-OH|Di-7,12b-OH",125392
"Di-3,7-OH|Di-3,6-OH|Di-3,12b-OH|Di-7,12b-OH",125639
"Di-3,7-OH|Di-3,6-OH|Di-3,12b-OH|Di-7,12b-OH",131286
"Di-3,7-OH|Di-3,6-OH|Di-3,12b-OH|Di-7,12b-OH",132432
"Di-3,7-OH|Di-3,6-OH|Di-3,12b-OH|Di-7,12b-OH",132673
"Di-3,6-OH",74029
"Di-3,6-OH",78103
"Di-3,6-OH",79434
"Di-3,6-OH",79565
"Di-3,6-OH",80215
"Di-3,6-OH",81093
"Di-3,6-OH",81262
"Di-3,6-OH",81399
"Di-3,6-OH",81758
"Di-3,6-OH",82085
"Di-3,6-OH",82725
"Di-3,6-OH",82776
"Di-3,6-OH",83015
"Di-3,6-OH",83076
"Di-3,6-OH",83082
"Di-3,6-OH",83123
"Di-3,6-OH",83279
"Di-3,6-OH",83333
"Di-3,6-OH",83372
"Di-3,6-OH",83461
"Di-3,6-OH",83462
"Di-3,6-OH",83466
"Di-3,6-OH",83468
"Di-3,6-OH",83469
"Di-3,6-OH",83560
"Di-3,6-OH",83561
"Di-3,6-OH",83582
"Di-3,6-OH",83637
"Di-3,6-OH",83672
"Di-3,6-OH",83749
"Di-3,6-OH",83861
"Di-3,6-OH",83946
"Di-3,6-OH",84377
"Di-3,6-OH",84702
"Di-3,6-OH",84744
"Di-3,6-OH",84767
"Di-3,6-OH",84768
"Di-3,6-OH",84811
"Di-3,6-OH",84912
"Di-3,6-OH",84922
"Di-3,6-OH",84934
"Di-3,6-OH",84942
"Di-3,6-OH",84960
"Di-3,6-OH",84967
"Di-3,6-OH",84968
"Di-3,6-OH",84984
"Di-3,6-OH",84989
"Di-3,6-OH",84990
"Di-3,6-OH",85003
"Di-3,6-OH",85005
"Di-3,6-OH",85011
"Di-3,6-OH",85040
"Di-3,6-OH",85122
"Di-3,6-OH",85263
"Di-3,6-OH",85290
"Di-3,6-OH",85306
"Di-3,6-OH",85318
"Di-3,6-OH",85416
"Di-3,6-OH",85439
"Di-3,6-OH",85539
"Di-3,6-OH",85575
"Di-3,6-OH",85602
"Di-3,6-OH",85604
"Di-3,6-OH",85623
"Di-3,6-OH",85624
"Di-3,6-OH",85675
"Di-3,6-OH",85677
"Di-3,6-OH",85693
"Di-3,6-OH",85742
"Di-3,6-OH",85745
"Di-3,6-OH",85793
"Di-3,6-OH",85828
"Di-3,6-OH",85881
"Di-3,6-OH",86111
"Di-3,6-OH",86115
"Di-3,6-OH",86120
"Di-3,6-OH",86172
"Di-3,6-OH",86223
"Di-3,6-OH",86273
"Di-3,6-OH",86615
"Di-3,6-OH",86753
"Di-3,6-OH",86863
"Di-3,6-OH",86909
"Di-3,6-OH",86944
"Di-3,6-OH",87039
"Di-3,6-OH",87043
"Di-3,6-OH",87092
"Di-3,6-OH",87192
"Di-3,6-OH",87395
"Di-3,6-OH",87424
"Di-3,6-OH",87456
"Di-3,6-OH",87595
"Di-3,6-OH",87630
"Di-3,6-OH",87752
"Di-3,6-OH",87774
"Di-3,6-OH",87831
"Di-3,6-OH",87970
"Di-3,6-OH",88030
"Di-3,6-OH",88305
"Di-3,6-OH",88306
"Di-3,6-OH",88308
"Di-3,6-OH",88428
"Di-3,6-OH",88514
"Di-3,6-OH",88573
"Di-3,6-OH",88772
"Di-3,6-OH",88797
"Di-3,6-OH",88842
"Di-3,6-OH",88929
"Di-3,6-OH",89193
"Di-3,6-OH",89194
"Di-3,6-OH",89263
"Di-3,6-OH",89381
"Di-3,6-OH",89419
"Di-3,6-OH",89428
"Di-3,6-OH",89486
"Di-3,6-OH",89493
"Di-3,6-OH",89507
"Di-3,6-OH",89555
"Di-3,6-OH",89636
"Di-3,6-OH",89898
"Di-3,6-OH",89991
"Di-3,6-OH",90065
"Di-3,6-OH",90118
"Di-3,6-OH",90211
"Di-3,6-OH",90288
"Di-3,6-OH",90468
"Di-3,6-OH",90512
"Di-3,6-OH",90514
"Di-3,6-OH",90562
"Di-3,6-OH",90627
"Di-3,6-OH",90683
"Di-3,6-OH",90842
"Di-3,6-OH",90856
"Di-3,6-OH",90958
"Di-3,6-OH",91041
"Di-3,6-OH",91128
"Di-3,6-OH",91189
"Di-3,6-OH",91260
"Di-3,6-OH",91333
"Di-3,6-OH",91446
"Di-3,6-OH",91479
"Di-3,6-OH",91513
"Di-3,6-OH",91515
"Di-3,6-OH",91536
"Di-3,6-OH",91556
"Di-3,6-OH",91603
"Di-3,6-OH",91604
"Di-3,6-OH",91605
"Di-3,6-OH",91606
"Di-3,6-OH",91611
"Di-3,6-OH",91618
"Di-3,6-OH",91697
"Di-3,6-OH",91704
"Di-3,6-OH",91706
"Di-3,6-OH",91710
"Di-3,6-OH",91737
"Di-3,6-OH",91749
"Di-3,6-OH",91752
"Di-3,6-OH",91754
"Di-3,6-OH",91766
"Di-3,6-OH",91767
"Di-3,6-OH",91771
"Di-3,6-OH",91773
"Di-3,6-OH",91779
"Di-3,6-OH",91780
"Di-3,6-OH",91791
"Di-3,6-OH",91800
"Di-3,6-OH",91801
"Di-3,6-OH",91882
"Di-3,6-OH",91963
"Di-3,6-OH",91970
"Di-3,6-OH",92127
"Di-3,6-OH",92307
"Di-3,6-OH",92354
"Di-3,6-OH",92476
"Di-3,6-OH",92617
"Di-3,6-OH",92809
"Di-3,6-OH",92825
"Di-3,6-OH",92829
"Di-3,6-OH",92864
"Di-3,6-OH",92889
"Di-3,6-OH",92932
"Di-3,6-OH",92944
"Di-3,6-OH",92951
"Di-3,6-OH",93013
"Di-3,6-OH",93042
"Di-3,6-OH",93044
"Di-3,6-OH",93052
"Di-3,6-OH",93166
"Di-3,6-OH",93167
"Di-3,6-OH",93168
"Di-3,6-OH",93172
"Di-3,6-OH",93185
"Di-3,6-OH",93371
"Di-3,6-OH",93388
"Di-3,6-OH",93417
"Di-3,6-OH",93627
"Di-3,6-OH",93632
"Di-3,6-OH",93640
"Di-3,6-OH",93652
"Di-3,6-OH",93670
"Di-3,6-OH",93673
"Di-3,6-OH",93696
"Di-3,6-OH",93748
"Di-3,6-OH",93749
"Di-3,6-OH",93786
"Di-3,6-OH",93791
"Di-3,6-OH",93854
"Di-3,6-OH",94072
"Di-3,6-OH",94131
"Di-3,6-OH",94166
"Di-3,6-OH",94184
"Di-3,6-OH",94209
"Di-3,6-OH",94320
"Di-3,6-OH",94334
"Di-3,6-OH",94335
"Di-3,6-OH",94348
"Di-3,6-OH",94373
"Di-3,6-OH",94394
"Di-3,6-OH",94450
"Di-3,6-OH",94483
"Di-3,6-OH",94484
"Di-3,6-OH",94508
"Di-3,6-OH",94522
"Di-3,6-OH",94616
"Di-3,6-OH",94670
"Di-3,6-OH",94709
"Di-3,6-OH",94854
"Di-3,6-OH",94915
"Di-3,6-OH",94945
"Di-3,6-OH",94949
"Di-3,6-OH",94953
"Di-3,6-OH",94992
"Di-3,6-OH",95036
"Di-3,6-OH",95037
"Di-3,6-OH",95191
"Di-3,6-OH",95218
"Di-3,6-OH",95417
"Di-3,6-OH",95564
"Di-3,6-OH",95576
"Di-3,6-OH",95612
"Di-3,6-OH",95693
"Di-3,6-OH",95779
"Di-3,6-OH",96368
"Di-3,6-OH",96379
"Di-3,6-OH",96421
"Di-3,6-OH",96566
"Di-3,6-OH",96782
"Di-3,6-OH",97124
"Di-3,6-OH",97160
"Di-3,6-OH",97172
"Di-3,6-OH",97339
"Di-3,6-OH",97490
"Di-3,6-OH",97541
"Di-3,6-OH",97584
"Di-3,6-OH",98107
"Di-3,6-OH",98216
"Di-3,6-OH",98279
"Di-3,6-OH",98291
"Di-3,6-OH",98368
"Di-3,6-OH",98371
"Di-3,6-OH",98375
"Di-3,6-OH",98377
"Di-3,6-OH",98378
"Di-3,6-OH",98551
"Di-3,6-OH",98556
"Di-3,6-OH",98563
"Di-3,6-OH",98630
"Di-3,6-OH",98713
"Di-3,6-OH",98723
"Di-3,6-OH",98739
"Di-3,6-OH",98742
"Di-3,6-OH",98786
"Di-3,6-OH",98788
"Di-3,6-OH",98790
"Di-3,6-OH",98796
"Di-3,6-OH",98799
"Di-3,6-OH",98800
"Di-3,6-OH",98847
"Di-3,6-OH",98922
"Di-3,6-OH",98923
"Di-3,6-OH",98937
"Di-3,6-OH",98985
"Di-3,6-OH",99032
"Di-3,6-OH",99215
"Di-3,6-OH",99261
"Di-3,6-OH",99288
"Di-3,6-OH",99329
"Di-3,6-OH",99332
"Di-3,6-OH",99403
"Di-3,6-OH",99492
"Di-3,6-OH",99600
"Di-3,6-OH",99604
"Di-3,6-OH",99659
"Di-3,6-OH",99683
"Di-3,6-OH",99763
"Di-3,6-OH",99807
"Di-3,6-OH",99915
"Di-3,6-OH",99961
"Di-3,6-OH",99985
"Di-3,6-OH",100005
"Di-3,6-OH",100104
"Di-3,6-OH",100108
"Di-3,6-OH",100279
"Di-3,6-OH",100315
"Di-3,6-OH",100339
"Di-3,6-OH",100356
"Di-3,6-OH",100380
"Di-3,6-OH",100385
"Di-3,6-OH",100401
"Di-3,6-OH",100533
"Di-3,6-OH",100539
"Di-3,6-OH",100543
"Di-3,6-OH",100566
"Di-3,6-OH",100570
"Di-3,6-OH",100575
"Di-3,6-OH",100579
"Di-3,6-OH",100586
"Di-3,6-OH",100621
"Di-3,6-OH",100638
"Di-3,6-OH",100644
"Di-3,6-OH",100649
"Di-3,6-OH",100676
"Di-3,6-OH",100680
"Di-3,6-OH",100689
"Di-3,6-OH",100711
"Di-3,6-OH",100717
"Di-3,6-OH",100719
"Di-3,6-OH",100755
"Di-3,6-OH",100792
"Di-3,6-OH",100828
"Di-3,6-OH",100945
"Di-3,6-OH",101187
"Di-3,6-OH",101286
"Di-3,6-OH",101324
"Di-3,6-OH",101389
"Di-3,6-OH",101404
"Di-3,6-OH",101474
"Di-3,6-OH",101648
"Di-3,6-OH",101659
"Di-3,6-OH",101877
"Di-3,6-OH",101983
"Di-3,6-OH",102273
"Di-3,6-OH",102274
"Di-3,6-OH",102307
"Di-3,6-OH",102320
"Di-3,6-OH",102321
"Di-3,6-OH",102322
"Di-3,6-OH",102331
"Di-3,6-OH",102377
"Di-3,6-OH",102393
"Di-3,6-OH",102397
"Di-3,6-OH",102521
"Di-3,6-OH",102527
"Di-3,6-OH",102581
"Di-3,6-OH",102615
"Di-3,6-OH",102637
"Di-3,6-OH",102638
"Di-3,6-OH",102656
"Di-3,6-OH",102664
"Di-3,6-OH",102707
"Di-3,6-OH",102714
"Di-3,6-OH",102716
"Di-3,6-OH",102717
"Di-3,6-OH",102718
"Di-3,6-OH",102772
"Di-3,6-OH",102883
"Di-3,6-OH",102886
"Di-3,6-OH",103053
"Di-3,6-OH",103106
"Di-3,6-OH",103169
"Di-3,6-OH",103318
"Di-3,6-OH",103341
"Di-3,6-OH",103642
"Di-3,6-OH",103728
"Di-3,6-OH",103879
"Di-3,6-OH",104099
"Di-3,6-OH",104312
"Di-3,6-OH",104332
"Di-3,6-OH",104542
"Di-3,6-OH",104629
"Di-3,6-OH",104660
"Di-3,6-OH",104662
"Di-3,6-OH",104700
"Di-3,6-OH",104701
"Di-3,6-OH",104703
"Di-3,6-OH",104715
"Di-3,6-OH",104745
"Di-3,6-OH",104776
"Di-3,6-OH",104787
"Di-3,6-OH",104950
"Di-3,6-OH",105035
"Di-3,6-OH",105142
"Di-3,6-OH",105144
"Di-3,6-OH",105190
"Di-3,6-OH",105425
"Di-3,6-OH",105518
"Di-3,6-OH",105697
"Di-3,6-OH",106081
"Di-3,6-OH",106229
"Di-3,6-OH",106230
"Di-3,6-OH",106240
"Di-3,6-OH",106253
"Di-3,6-OH",106278
"Di-3,6-OH",106282
"Di-3,6-OH",106553
"Di-3,6-OH",106574
"Di-3,6-OH",106583
"Di-3,6-OH",106670
"Di-3,6-OH",106679
"Di-3,6-OH",106724
"Di-3,6-OH",106736
"Di-3,6-OH",106753
"Di-3,6-OH",106755
"Di-3,6-OH",106765
"Di-3,6-OH",106817
"Di-3,6-OH",107150
"Di-3,6-OH",107217
"Di-3,6-OH",107238
"Di-3,6-OH",107246
"Di-3,6-OH",107247
"Di-3,6-OH",107341
"Di-3,6-OH",107440
"Di-3,6-OH",107446
"Di-3,6-OH",107470
"Di-3,6-OH",107735
"Di-3,6-OH",107755
"Di-3,6-OH",107803
"Di-3,6-OH",107831
"Di-3,6-OH",108010
"Di-3,6-OH",108083
"Di-3,6-OH",108221
"Di-3,6-OH",108276
"Di-3,6-OH",108349
"Di-3,6-OH",108398
"Di-3,6-OH",108617
"Di-3,6-OH",108960
"Di-3,6-OH",109069
"Di-3,6-OH",109298
"Di-3,6-OH",109387
"Di-3,6-OH",109395
"Di-3,6-OH",109509
"Di-3,6-OH",109642
"Di-3,6-OH",109647
"Di-3,6-OH",109665
"Di-3,6-OH",109695
"Di-3,6-OH",109728
"Di-3,6-OH",109877
"Di-3,6-OH",109899
"Di-3,6-OH",110142
"Di-3,6-OH",110171
"Di-3,6-OH",110261
"Di-3,6-OH",110423
"Di-3,6-OH",110547
"Di-3,6-OH",110663
"Di-3,6-OH",110794
"Di-3,6-OH",110833
"Di-3,6-OH",110938
"Di-3,6-OH",110941
"Di-3,6-OH",110961
"Di-3,6-OH",110963
"Di-3,6-OH",110973
"Di-3,6-OH",110984
"Di-3,6-OH",110996
"Di-3,6-OH",111012
"Di-3,6-OH",111101
"Di-3,6-OH",111178
"Di-3,6-OH",111288
"Di-3,6-OH",111387
"Di-3,6-OH",111607
"Di-3,6-OH",111670
"Di-3,6-OH",111732
"Di-3,6-OH",111754
"Di-3,6-OH",111755
"Di-3,6-OH",111760
"Di-3,6-OH",111801
"Di-3,6-OH",111810
"Di-3,6-OH",111815
"Di-3,6-OH",111816
"Di-3,6-OH",111818
"Di-3,6-OH",111821
"Di-3,6-OH",111822
"Di-3,6-OH",111823
"Di-3,6-OH",111825
"Di-3,6-OH",111826
"Di-3,6-OH",111828
"Di-3,6-OH",111829
"Di-3,6-OH",111838
"Di-3,6-OH",111843
"Di-3,6-OH",111846
"Di-3,6-OH",111852
"Di-3,6-OH",111879
"Di-3,6-OH",111892
"Di-3,6-OH",111905
"Di-3,6-OH",111906
"Di-3,6-OH",111911
"Di-3,6-OH",111913
"Di-3,6-OH",111926
"Di-3,6-OH",111959
"Di-3,6-OH",111961
"Di-3,6-OH",111962
"Di-3,6-OH",111969
"Di-3,6-OH",111970
"Di-3,6-OH",111982
"Di-3,6-OH",112346
"Di-3,6-OH",112371
"Di-3,6-OH",112399
"Di-3,6-OH",112400
"Di-3,6-OH",112499
"Di-3,6-OH",112531
"Di-3,6-OH",112709
"Di-3,6-OH",112711
"Di-3,6-OH",112727
"Di-3,6-OH",112743
"Di-3,6-OH",112750
"Di-3,6-OH",112759
"Di-3,6-OH",112772
"Di-3,6-OH",112820
"Di-3,6-OH",112821
"Di-3,6-OH",113046
"Di-3,6-OH",113186
"Di-3,6-OH",113265
"Di-3,6-OH",113312
"Di-3,6-OH",113384
"Di-3,6-OH",113654
"Di-3,6-OH",113933
"Di-3,6-OH",114048
"Di-3,6-OH",114050
"Di-3,6-OH",114327
"Di-3,6-OH",114407
"Di-3,6-OH",114674
"Di-3,6-OH",114867
"Di-3,6-OH",114989
"Di-3,6-OH",115149
"Di-3,6-OH",115175
"Di-3,6-OH",115712
"Di-3,6-OH",115873
"Di-3,6-OH",116008
"Di-3,6-OH",116312
"Di-3,6-OH",116512
"Di-3,6-OH",116517
"Di-3,6-OH",116536
"Di-3,6-OH",116641
"Di-3,6-OH",117397
"Di-3,6-OH",117411
"Di-3,6-OH",117590
"Di-3,6-OH",117981
"Di-3,6-OH",118586
"Di-3,6-OH",119228
"Di-3,6-OH",119321
"Di-3,6-OH",119323
"Di-3,6-OH",119328
"Di-3,6-OH",119396
"Di-3,6-OH",119493
"Di-3,6-OH",119524
"Di-3,6-OH",119633
"Di-3,6-OH",119677
"Di-3,6-OH",119702
"Di-3,6-OH",119773
"Di-3,6-OH",119780
"Di-3,6-OH",119847
"Di-3,6-OH",120018
"Di-3,6-OH",120218
"Di-3,6-OH",120224
"Di-3,6-OH",120343
"Di-3,6-OH",120639
"Di-3,6-OH",120750
"Di-3,6-OH",121058
"Di-3,6-OH",121163
"Di-3,6-OH",121665
"Di-3,6-OH",122412
"Di-3,6-OH",122426
"Di-3,6-OH",122732
"Di-3,6-OH",122748
"Di-3,6-OH",122749
"Di-3,6-OH",122843
"Di-3,6-OH",122846
"Di-3,6-OH",122865
"Di-3,6-OH",122869
"Di-3,6-OH",122895
"Di-3,6-OH",122907
"Di-3,6-OH",122917
"Di-3,6-OH",122931
"Di-3,6-OH",122932
"Di-3,6-OH",123184
"Di-3,6-OH",123210
"Di-3,6-OH",123279
"Di-3,6-OH",123280
"Di-3,6-OH",123571
"Di-3,6-OH",123688
"Di-3,6-OH",124003
"Di-3,6-OH",124081
"Di-3,6-OH",124965
"Di-3,6-OH",125356
"Di-3,6-OH",125392
"Di-3,6-OH",125396
"Di-3,6-OH",125479
"Di-3,6-OH",125544
"Di-3,6-OH",125552
"Di-3,6-OH",125570
"Di-3,6-OH",125572
"Di-3,6-OH",125639
"Di-3,6-OH",126000
"Di-3,6-OH",126058
"Di-3,6-OH",126167
"Di-3,6-OH",126626
"Di-3,6-OH",126843
"Di-3,6-OH",127413
"Di-3,6-OH",127563
"Di-3,6-OH",127717
"Di-3,6-OH",127935
"Di-3,6-OH",127948
"Di-3,6-OH",128453
"Di-3,6-OH",128491
"Di-3,6-OH",128658
"Di-3,6-OH",128687
"Di-3,6-OH",128814
"Di-3,6-OH",131823
"Di-3,6-OH",132188
"Di-3,6-OH",132673
"Di-3,6-OH",133988
"Di-3,6-OH",135188
"Di-3,7-OH|Di-3,12b-OH|Di-7,12b-OH",81730
"Di-3,7-OH|Di-3,12b-OH|Di-7,12b-OH",82364
"Di-3,7-OH|Di-3,12b-OH|Di-7,12b-OH",84935
"Di-3,7-OH|Di-3,12b-OH|Di-7,12b-OH",84976
"Di-3,7-OH|Di-3,12b-OH|Di-7,12b-OH",86758
"Di-3,7-OH|Di-3,12b-OH|Di-7,12b-OH",87830
"Di-3,7-OH|Di-3,12b-OH|Di-7,12b-OH",88033
"Di-3,7-OH|Di-3,12b-OH|Di-7,12b-OH",89644
"Di-3,7-OH|Di-3,12b-OH|Di-7,12b-OH",90028
"Di-3,7-OH|Di-3,12b-OH|Di-7,12b-OH",90060
"Di-3,7-OH|Di-3,12b-OH|Di-7,12b-OH",90175
"Di-3,7-OH|Di-3,12b-OH|Di-7,12b-OH",90201
"Di-3,7-OH|Di-3,12b-OH|Di-7,12b-OH",90400
"Di-3,7-OH|Di-3,12b-OH|Di-7,12b-OH",90402
"Di-3,7-OH|Di-3,12b-OH|Di-7,12b-OH",90407
"Di-3,7-OH|Di-3,12b-OH|Di-7,12b-OH",90408
"Di-3,7-OH|Di-3,12b-OH|Di-7,12b-OH",90409
"Di-3,7-OH|Di-3,12b-OH|Di-7,12b-OH",90412
"Di-3,7-OH|Di-3,12b-OH|Di-7,12b-OH",90443
"Di-3,7-OH|Di-3,12b-OH|Di-7,12b-OH",90718
"Di-3,7-OH|Di-3,12b-OH|Di-7,12b-OH",90773
"Di-3,7-OH|Di-3,12b-OH|Di-7,12b-OH",90776
"Di-3,7-OH|Di-3,12b-OH|Di-7,12b-OH",91008
"Di-3,7-OH|Di-3,12b-OH|Di-7,12b-OH",91055
"Di-3,7-OH|Di-3,12b-OH|Di-7,12b-OH",91107
"Di-3,7-OH|Di-3,12b-OH|Di-7,12b-OH",91170
"Di-3,7-OH|Di-3,12b-OH|Di-7,12b-OH",91263
"Di-3,7-OH|Di-3,12b-OH|Di-7,12b-OH",91267
"Di-3,7-OH|Di-3,12b-OH|Di-7,12b-OH",91291
"Di-3,7-OH|Di-3,12b-OH|Di-7,12b-OH",91467
"Di-3,7-OH|Di-3,12b-OH|Di-7,12b-OH",91965
"Di-3,7-OH|Di-3,12b-OH|Di-7,12b-OH",92045
"Di-3,7-OH|Di-3,12b-OH|Di-7,12b-OH",92116
"Di-3,7-OH|Di-3,12b-OH|Di-7,12b-OH",92198
"Di-3,7-OH|Di-3,12b-OH|Di-7,12b-OH",92199
"Di-3,7-OH|Di-3,12b-OH|Di-7,12b-OH",92216
"Di-3,7-OH|Di-3,12b-OH|Di-7,12b-OH",92447
"Di-3,7-OH|Di-3,12b-OH|Di-7,12b-OH",92475
"Di-3,7-OH|Di-3,12b-OH|Di-7,12b-OH",92536
"Di-3,7-OH|Di-3,12b-OH|Di-7,12b-OH",92537
"Di-3,7-OH|Di-3,12b-OH|Di-7,12b-OH",92709
"Di-3,7-OH|Di-3,12b-OH|Di-7,12b-OH",92828
"Di-3,7-OH|Di-3,12b-OH|Di-7,12b-OH",94214
"Di-3,7-OH|Di-3,12b-OH|Di-7,12b-OH",94228
"Di-3,7-OH|Di-3,12b-OH|Di-7,12b-OH",94416
"Di-3,7-OH|Di-3,12b-OH|Di-7,12b-OH",96883
"Di-3,7-OH|Di-3,12b-OH|Di-7,12b-OH",97243
"Di-3,7-OH|Di-3,12b-OH|Di-7,12b-OH",97571
"Di-3,7-OH|Di-3,12b-OH|Di-7,12b-OH",97997
"Di-3,7-OH|Di-3,12b-OH|Di-7,12b-OH",98917
"Di-3,7-OH|Di-3,12b-OH|Di-7,12b-OH",101171
"Di-3,7-OH|Di-3,12b-OH|Di-7,12b-OH",101193
"Di-3,7-OH|Di-3,12b-OH|Di-7,12b-OH",101285
"Di-3,7-OH|Di-3,12b-OH|Di-7,12b-OH",101403
"Di-3,7-OH|Di-3,12b-OH|Di-7,12b-OH",101430
"Di-3,7-OH|Di-3,12b-OH|Di-7,12b-OH",101437
"Di-3,7-OH|Di-3,12b-OH|Di-7,12b-OH",101547
"Di-3,7-OH|Di-3,12b-OH|Di-7,12b-OH",101710
"Di-3,7-OH|Di-3,12b-OH|Di-7,12b-OH",101714
"Di-3,7-OH|Di-3,12b-OH|Di-7,12b-OH",102313
"Di-3,7-OH|Di-3,12b-OH|Di-7,12b-OH",102611
"Di-3,7-OH|Di-3,12b-OH|Di-7,12b-OH",107701
"Di-3,7-OH|Di-3,12b-OH|Di-7,12b-OH",107705
"Di-3,7-OH|Di-3,12b-OH|Di-7,12b-OH",107804
"Di-3,7-OH|Di-3,12b-OH|Di-7,12b-OH",107877
"Di-3,7-OH|Di-3,12b-OH|Di-7,12b-OH",115629
"Di-3,7-OH|Di-3,12b-OH|Di-7,12b-OH",123828
"Di-3,7-OH|Di-3,12b-OH|Di-7,12b-OH",131286
"Di-3,7-OH|Di-3,12b-OH|Di-7,12b-OH",132432
"Di-3,7-OH",81730
"Di-3,7-OH",82364
"Di-3,7-OH",84976
"Di-3,7-OH",86753
"Di-3,7-OH",86944
"Di-3,7-OH",87774
"Di-3,7-OH",88573
"Di-3,7-OH",89396
"Di-3,7-OH",89506
"Di-3,7-OH",89637
"Di-3,7-OH",89770
"Di-3,7-OH",90060
"Di-3,7-OH",90136
"Di-3,7-OH",90175
"Di-3,7-OH",90188
"Di-3,7-OH",90201
"Di-3,7-OH",90290
"Di-3,7-OH",90400
"Di-3,7-OH",90402
"Di-3,7-OH",90408
"Di-3,7-OH",90409
"Di-3,7-OH",90443
"Di-3,7-OH",90773
"Di-3,7-OH",90776
"Di-3,7-OH",91055
"Di-3,7-OH",91267
"Di-3,7-OH",91291
"Di-3,7-OH",91467
"Di-3,7-OH",91965
"Di-3,7-OH",92045
"Di-3,7-OH",92199
"Di-3,7-OH",92216
"Di-3,7-OH",92536
"Di-3,7-OH",92617
"Di-3,7-OH",92709
"Di-3,7-OH",92746
"Di-3,7-OH",92747
"Di-3,7-OH",92828
"Di-3,7-OH",92895
"Di-3,7-OH",92951
"Di-3,7-OH",92991
"Di-3,7-OH",92996
"Di-3,7-OH",94204
"Di-3,7-OH",94209
"Di-3,7-OH",94716
"Di-3,7-OH",94854
"Di-3,7-OH",94916
"Di-3,7-OH",94949
"Di-3,7-OH",95218
"Di-3,7-OH",96860
"Di-3,7-OH",97032
"Di-3,7-OH",97243
"Di-3,7-OH",98551
"Di-3,7-OH",98560
"Di-3,7-OH",98713
"Di-3,7-OH",98788
"Di-3,7-OH",98790
"Di-3,7-OH",98799
"Di-3,7-OH",98800
"Di-3,7-OH",98937
"Di-3,7-OH",99261
"Di-3,7-OH",99604
"Di-3,7-OH",99659
"Di-3,7-OH",99807
"Di-3,7-OH",99941
"Di-3,7-OH",99961
"Di-3,7-OH",100476
"Di-3,7-OH",100509
"Di-3,7-OH",100631
"Di-3,7-OH",101171
"Di-3,7-OH",101189
"Di-3,7-OH",101197
"Di-3,7-OH",101198
"Di-3,7-OH",101277
"Di-3,7-OH",101285
"Di-3,7-OH",101381
"Di-3,7-OH",101403
"Di-3,7-OH",101430
"Di-3,7-OH",101437
"Di-3,7-OH",101474
"Di-3,7-OH",101877
"Di-3,7-OH",102313
"Di-3,7-OH",102611
"Di-3,7-OH",102615
"Di-3,7-OH",104476
"Di-3,7-OH",104542
"Di-3,7-OH",106229
"Di-3,7-OH",106230
"Di-3,7-OH",106240
"Di-3,7-OH",106253
"Di-3,7-OH",106263
"Di-3,7-OH",106265
"Di-3,7-OH",106574
"Di-3,7-OH",106801
"Di-3,7-OH",106817
"Di-3,7-OH",107246
"Di-3,7-OH",107247
"Di-3,7-OH",107440
"Di-3,7-OH",107446
"Di-3,7-OH",107470
"Di-3,7-OH",107755
"Di-3,7-OH",108221
"Di-3,7-OH",110547
"Di-3,7-OH",111732
"Di-3,7-OH",111801
"Di-3,7-OH",111818
"Di-3,7-OH",111822
"Di-3,7-OH",111823
"Di-3,7-OH",111826
"Di-3,7-OH",111828
"Di-3,7-OH",111829
"Di-3,7-OH",111838
"Di-3,7-OH",111843
"Di-3,7-OH",111852
"Di-3,7-OH",111892
"Di-3,7-OH",111905
"Di-3,7-OH",111906
"Di-3,7-OH",111926
"Di-3,7-OH",111962
"Di-3,7-OH",111982
"Di-3,7-OH",112346
"Di-3,7-OH",112499
"Di-3,7-OH",112734
"Di-3,7-OH",114050
"Di-3,7-OH",114327
"Di-3,7-OH",114674
"Di-3,7-OH",114989
"Di-3,7-OH",118586
"Di-3,7-OH",119228
"Di-3,7-OH",119328
"Di-3,7-OH",119773
"Di-3,7-OH",121058
"Di-3,7-OH",121163
"Di-3,7-OH",121692
"Di-3,7-OH",122412
"Di-3,7-OH",122426
"Di-3,7-OH",122865
"Di-3,7-OH",122869
"Di-3,7-OH",122890
"Di-3,7-OH",122895
"Di-3,7-OH",122931
"Di-3,7-OH",122932
"Di-3,7-OH",123184
"Di-3,7-OH",123210
"Di-3,7-OH",123279
"Di-3,7-OH",123280
"Di-3,7-OH",124003
"Di-3,7-OH",124015
"Di-3,7-OH",124037
"Di-3,7-OH",125151
"Di-3,7-OH",125356
"Di-3,7-OH",125392
"Di-3,7-OH",125396
"Di-3,7-OH",125479
"Di-3,7-OH",125544
"Di-3,7-OH",125570
"Di-3,7-OH",126000
"Di-3,7-OH",126058
"Di-3,7-OH",127717
"Di-3,7-OH",128658
"Di-3,7-OH",128814
"Di-3,7-OH",132188
"Di-3,7-OH",132432
"Di-3,7-OH",133988
"Di-3,7-OH",135188
"Di-3,12b-OH|Di-7,12b-OH",77258
"Di-3,12b-OH|Di-7,12b-OH",82354
"Di-3,12b-OH|Di-7,12b-OH",86115
"Di-3,12b-OH|Di-7,12b-OH",86615
"Di-3,12b-OH|Di-7,12b-OH",86758
"Di-3,12b-OH|Di-7,12b-OH",89381
"Di-3,12b-OH|Di-7,12b-OH",89704
"Di-3,12b-OH|Di-7,12b-OH",90958
"Di-3,12b-OH|Di-7,12b-OH",91041
"Di-3,12b-OH|Di-7,12b-OH",91050
"Di-3,12b-OH|Di-7,12b-OH",91056
"Di-3,12b-OH|Di-7,12b-OH",91189
"Di-3,12b-OH|Di-7,12b-OH",91710
"Di-3,12b-OH|Di-7,12b-OH",91883
"Di-3,12b-OH|Di-7,12b-OH",92354
"Di-3,12b-OH|Di-7,12b-OH",92752
"Di-3,12b-OH|Di-7,12b-OH",92809
"Di-3,12b-OH|Di-7,12b-OH",92864
"Di-3,12b-OH|Di-7,12b-OH",92932
"Di-3,12b-OH|Di-7,12b-OH",93042
"Di-3,12b-OH|Di-7,12b-OH",93044
"Di-3,12b-OH|Di-7,12b-OH",93048
"Di-3,12b-OH|Di-7,12b-OH",93052
"Di-3,12b-OH|Di-7,12b-OH",93172
"Di-3,12b-OH|Di-7,12b-OH",93388
"Di-3,12b-OH|Di-7,12b-OH",93652
"Di-3,12b-OH|Di-7,12b-OH",93673
"Di-3,12b-OH|Di-7,12b-OH",94394
"Di-3,12b-OH|Di-7,12b-OH",94915
"Di-3,12b-OH|Di-7,12b-OH",95037
"Di-3,12b-OH|Di-7,12b-OH",96368
"Di-3,12b-OH|Di-7,12b-OH",96379
"Di-3,12b-OH|Di-7,12b-OH",96421
"Di-3,12b-OH|Di-7,12b-OH",96782
"Di-3,12b-OH|Di-7,12b-OH",97124
"Di-3,12b-OH|Di-7,12b-OH",97172
"Di-3,12b-OH|Di-7,12b-OH",97244
"Di-3,12b-OH|Di-7,12b-OH",97571
"Di-3,12b-OH|Di-7,12b-OH",98563
"Di-3,12b-OH|Di-7,12b-OH",98630
"Di-3,12b-OH|Di-7,12b-OH",98917
"Di-3,12b-OH|Di-7,12b-OH",98985
"Di-3,12b-OH|Di-7,12b-OH",99288
"Di-3,12b-OH|Di-7,12b-OH",99329
"Di-3,12b-OH|Di-7,12b-OH",99332
"Di-3,12b-OH|Di-7,12b-OH",100005
"Di-3,12b-OH|Di-7,12b-OH",100315
"Di-3,12b-OH|Di-7,12b-OH",100575
"Di-3,12b-OH|Di-7,12b-OH",101187
"Di-3,12b-OH|Di-7,12b-OH",101286
"Di-3,12b-OH|Di-7,12b-OH",101404
"Di-3,12b-OH|Di-7,12b-OH",101659
"Di-3,12b-OH|Di-7,12b-OH",101834
"Di-3,12b-OH|Di-7,12b-OH",102178
"Di-3,12b-OH|Di-7,12b-OH",102274
"Di-3,12b-OH|Di-7,12b-OH",102321
"Di-3,12b-OH|Di-7,12b-OH",102322
"Di-3,12b-OH|Di-7,12b-OH",102331
"Di-3,12b-OH|Di-7,12b-OH",102333
"Di-3,12b-OH|Di-7,12b-OH",102335
"Di-3,12b-OH|Di-7,12b-OH",102377
"Di-3,12b-OH|Di-7,12b-OH",102393
"Di-3,12b-OH|Di-7,12b-OH",102772
"Di-3,12b-OH|Di-7,12b-OH",102883
"Di-3,12b-OH|Di-7,12b-OH",102886
"Di-3,12b-OH|Di-7,12b-OH",103728
"Di-3,12b-OH|Di-7,12b-OH",103934
"Di-3,12b-OH|Di-7,12b-OH",104099
"Di-3,12b-OH|Di-7,12b-OH",104312
"Di-3,12b-OH|Di-7,12b-OH",104629
"Di-3,12b-OH|Di-7,12b-OH",104662
"Di-3,12b-OH|Di-7,12b-OH",104701
"Di-3,12b-OH|Di-7,12b-OH",104715
"Di-3,12b-OH|Di-7,12b-OH",104745
"Di-3,12b-OH|Di-7,12b-OH",105190
"Di-3,12b-OH|Di-7,12b-OH",105408
"Di-3,12b-OH|Di-7,12b-OH",106671
"Di-3,12b-OH|Di-7,12b-OH",106765
"Di-3,12b-OH|Di-7,12b-OH",107341
"Di-3,12b-OH|Di-7,12b-OH",107451
"Di-3,12b-OH|Di-7,12b-OH",109395
"Di-3,12b-OH|Di-7,12b-OH",109665
"Di-3,12b-OH|Di-7,12b-OH",110171
"Di-3,12b-OH|Di-7,12b-OH",111101
"Di-3,12b-OH|Di-7,12b-OH",111607
"Di-3,12b-OH|Di-7,12b-OH",111815
"Di-3,12b-OH|Di-7,12b-OH",112400
"Di-3,12b-OH|Di-7,12b-OH",112793
"Di-3,12b-OH|Di-7,12b-OH",113654
"Di-3,12b-OH|Di-7,12b-OH",113933
"Di-3,12b-OH|Di-7,12b-OH",114867
"Di-3,12b-OH|Di-7,12b-OH",116008
"Di-3,12b-OH|Di-7,12b-OH",116512
"Di-3,12b-OH|Di-7,12b-OH",116536
"Di-3,12b-OH|Di-7,12b-OH",116641
"Di-3,12b-OH|Di-7,12b-OH",117981
"Di-3,12b-OH|Di-7,12b-OH",119633
"Di-3,12b-OH|Di-7,12b-OH",119677
"Di-3,12b-OH|Di-7,12b-OH",119702
"Di-3,12b-OH|Di-7,12b-OH",119781
"Di-3,12b-OH|Di-7,12b-OH",120224
"Di-3,12b-OH|Di-7,12b-OH",120343
"Di-3,12b-OH|Di-7,12b-OH",122735
"Di-3,12b-OH|Di-7,12b-OH",123688
"Di-3,12b-OH|Di-7,12b-OH",123942
"Di-3,12b-OH|Di-7,12b-OH",125572
"Di-3,12b-OH|Di-7,12b-OH",126843
"Di-3,12b-OH|Di-7,12b-OH",127948
"Di-3,12b-OH|Di-7,12b-OH",128491
"Di-3,12b-OH|Di-7,12b-OH",131823
"Di-3,12a-OH|Di-7,12a-OH",74029
"Di-3,12a-OH|Di-7,12a-OH",76968
"Di-3,12a-OH|Di-7,12a-OH",77258
"Di-3,12a-OH|Di-7,12a-OH",78103
"Di-3,12a-OH|Di-7,12a-OH",79434
"Di-3,12a-OH|Di-7,12a-OH",79565
"Di-3,12a-OH|Di-7,12a-OH",81093
"Di-3,12a-OH|Di-7,12a-OH",81262
"Di-3,12a-OH|Di-7,12a-OH",81399
"Di-3,12a-OH|Di-7,12a-OH",82318
"Di-3,12a-OH|Di-7,12a-OH",82725
"Di-3,12a-OH|Di-7,12a-OH",82776
"Di-3,12a-OH|Di-7,12a-OH",83015
"Di-3,12a-OH|Di-7,12a-OH",83076
"Di-3,12a-OH|Di-7,12a-OH",83082
"Di-3,12a-OH|Di-7,12a-OH",83123
"Di-3,12a-OH|Di-7,12a-OH",83461
"Di-3,12a-OH|Di-7,12a-OH",83560
"Di-3,12a-OH|Di-7,12a-OH",83561
"Di-3,12a-OH|Di-7,12a-OH",83672
"Di-3,12a-OH|Di-7,12a-OH",83861
"Di-3,12a-OH|Di-7,12a-OH",84377
"Di-3,12a-OH|Di-7,12a-OH",84702
"Di-3,12a-OH|Di-7,12a-OH",84744
"Di-3,12a-OH|Di-7,12a-OH",84768
"Di-3,12a-OH|Di-7,12a-OH",84811
"Di-3,12a-OH|Di-7,12a-OH",84912
"Di-3,12a-OH|Di-7,12a-OH",84922
"Di-3,12a-OH|Di-7,12a-OH",84934
"Di-3,12a-OH|Di-7,12a-OH",84942
"Di-3,12a-OH|Di-7,12a-OH",84960
"Di-3,12a-OH|Di-7,12a-OH",84967
"Di-3,12a-OH|Di-7,12a-OH",84968
"Di-3,12a-OH|Di-7,12a-OH",84984
"Di-3,12a-OH|Di-7,12a-OH",84989
"Di-3,12a-OH|Di-7,12a-OH",84990
"Di-3,12a-OH|Di-7,12a-OH",85005
"Di-3,12a-OH|Di-7,12a-OH",85011
"Di-3,12a-OH|Di-7,12a-OH",85040
"Di-3,12a-OH|Di-7,12a-OH",85122
"Di-3,12a-OH|Di-7,12a-OH",85263
"Di-3,12a-OH|Di-7,12a-OH",85290
"Di-3,12a-OH|Di-7,12a-OH",85306
"Di-3,12a-OH|Di-7,12a-OH",85318
"Di-3,12a-OH|Di-7,12a-OH",85416
"Di-3,12a-OH|Di-7,12a-OH",85439
"Di-3,12a-OH|Di-7,12a-OH",85602
"Di-3,12a-OH|Di-7,12a-OH",85604
"Di-3,12a-OH|Di-7,12a-OH",85675
"Di-3,12a-OH|Di-7,12a-OH",85677
"Di-3,12a-OH|Di-7,12a-OH",85693
"Di-3,12a-OH|Di-7,12a-OH",85742
"Di-3,12a-OH|Di-7,12a-OH",85745
"Di-3,12a-OH|Di-7,12a-OH",85750
"Di-3,12a-OH|Di-7,12a-OH",85793
"Di-3,12a-OH|Di-7,12a-OH",85828
"Di-3,12a-OH|Di-7,12a-OH",85881
"Di-3,12a-OH|Di-7,12a-OH",86223
"Di-3,12a-OH|Di-7,12a-OH",86273
"Di-3,12a-OH|Di-7,12a-OH",86409
"Di-3,12a-OH|Di-7,12a-OH",86751
"Di-3,12a-OH|Di-7,12a-OH",86863
"Di-3,12a-OH|Di-7,12a-OH",87039
"Di-3,12a-OH|Di-7,12a-OH",87043
"Di-3,12a-OH|Di-7,12a-OH",87092
"Di-3,12a-OH|Di-7,12a-OH",87192
"Di-3,12a-OH|Di-7,12a-OH",87395
"Di-3,12a-OH|Di-7,12a-OH",87424
"Di-3,12a-OH|Di-7,12a-OH",87456
"Di-3,12a-OH|Di-7,12a-OH",87630
"Di-3,12a-OH|Di-7,12a-OH",87774
"Di-3,12a-OH|Di-7,12a-OH",87970
"Di-3,12a-OH|Di-7,12a-OH",88428
"Di-3,12a-OH|Di-7,12a-OH",88514
"Di-3,12a-OH|Di-7,12a-OH",88772
"Di-3,12a-OH|Di-7,12a-OH",88786
"Di-3,12a-OH|Di-7,12a-OH",88797
"Di-3,12a-OH|Di-7,12a-OH",88842
"Di-3,12a-OH|Di-7,12a-OH",88850
"Di-3,12a-OH|Di-7,12a-OH",88929
"Di-3,12a-OH|Di-7,12a-OH",88933
"Di-3,12a-OH|Di-7,12a-OH",88971
"Di-3,12a-OH|Di-7,12a-OH",89193
"Di-3,12a-OH|Di-7,12a-OH",89381
"Di-3,12a-OH|Di-7,12a-OH",89419
"Di-3,12a-OH|Di-7,12a-OH",89428
"Di-3,12a-OH|Di-7,12a-OH",89486
"Di-3,12a-OH|Di-7,12a-OH",89898
"Di-3,12a-OH|Di-7,12a-OH",89991
"Di-3,12a-OH|Di-7,12a-OH",90065
"Di-3,12a-OH|Di-7,12a-OH",90118
"Di-3,12a-OH|Di-7,12a-OH",90288
"Di-3,12a-OH|Di-7,12a-OH",90413
"Di-3,12a-OH|Di-7,12a-OH",90468
"Di-3,12a-OH|Di-7,12a-OH",90512
"Di-3,12a-OH|Di-7,12a-OH",90514
"Di-3,12a-OH|Di-7,12a-OH",90562
"Di-3,12a-OH|Di-7,12a-OH",90627
"Di-3,12a-OH|Di-7,12a-OH",90683
"Di-3,12a-OH|Di-7,12a-OH",90958
"Di-3,12a-OH|Di-7,12a-OH",91050
"Di-3,12a-OH|Di-7,12a-OH",91189
"Di-3,12a-OH|Di-7,12a-OH",91260
"Di-3,12a-OH|Di-7,12a-OH",91333
"Di-3,12a-OH|Di-7,12a-OH",91446
"Di-3,12a-OH|Di-7,12a-OH",91515
"Di-3,12a-OH|Di-7,12a-OH",91556
"Di-3,12a-OH|Di-7,12a-OH",91604
"Di-3,12a-OH|Di-7,12a-OH",91611
"Di-3,12a-OH|Di-7,12a-OH",91697
"Di-3,12a-OH|Di-7,12a-OH",91701
"Di-3,12a-OH|Di-7,12a-OH",91704
"Di-3,12a-OH|Di-7,12a-OH",91706
"Di-3,12a-OH|Di-7,12a-OH",91710
"Di-3,12a-OH|Di-7,12a-OH",91737
"Di-3,12a-OH|Di-7,12a-OH",91749
"Di-3,12a-OH|Di-7,12a-OH",91752
"Di-3,12a-OH|Di-7,12a-OH",91754
"Di-3,12a-OH|Di-7,12a-OH",91758
"Di-3,12a-OH|Di-7,12a-OH",91766
"Di-3,12a-OH|Di-7,12a-OH",91767
"Di-3,12a-OH|Di-7,12a-OH",91771
"Di-3,12a-OH|Di-7,12a-OH",91773
"Di-3,12a-OH|Di-7,12a-OH",91779
"Di-3,12a-OH|Di-7,12a-OH",91780
"Di-3,12a-OH|Di-7,12a-OH",91791
"Di-3,12a-OH|Di-7,12a-OH",91800
"Di-3,12a-OH|Di-7,12a-OH",91801
"Di-3,12a-OH|Di-7,12a-OH",91963
"Di-3,12a-OH|Di-7,12a-OH",91970
"Di-3,12a-OH|Di-7,12a-OH",92127
"Di-3,12a-OH|Di-7,12a-OH",92307
"Di-3,12a-OH|Di-7,12a-OH",92354
"Di-3,12a-OH|Di-7,12a-OH",92476
"Di-3,12a-OH|Di-7,12a-OH",92825
"Di-3,12a-OH|Di-7,12a-OH",92829
"Di-3,12a-OH|Di-7,12a-OH",92932
"Di-3,12a-OH|Di-7,12a-OH",93044
"Di-3,12a-OH|Di-7,12a-OH",93167
"Di-3,12a-OH|Di-7,12a-OH",93184
"Di-3,12a-OH|Di-7,12a-OH",93185
"Di-3,12a-OH|Di-7,12a-OH",93308
"Di-3,12a-OH|Di-7,12a-OH",93371
"Di-3,12a-OH|Di-7,12a-OH",93640
"Di-3,12a-OH|Di-7,12a-OH",93652
"Di-3,12a-OH|Di-7,12a-OH",93670
"Di-3,12a-OH|Di-7,12a-OH",93673
"Di-3,12a-OH|Di-7,12a-OH",93748
"Di-3,12a-OH|Di-7,12a-OH",93749
"Di-3,12a-OH|Di-7,12a-OH",93786
"Di-3,12a-OH|Di-7,12a-OH",94072
"Di-3,12a-OH|Di-7,12a-OH",94131
"Di-3,12a-OH|Di-7,12a-OH",94184
"Di-3,12a-OH|Di-7,12a-OH",94209
"Di-3,12a-OH|Di-7,12a-OH",94320
"Di-3,12a-OH|Di-7,12a-OH",94346
"Di-3,12a-OH|Di-7,12a-OH",94348
"Di-3,12a-OH|Di-7,12a-OH",94373
"Di-3,12a-OH|Di-7,12a-OH",94394
"Di-3,12a-OH|Di-7,12a-OH",94450
"Di-3,12a-OH|Di-7,12a-OH",94483
"Di-3,12a-OH|Di-7,12a-OH",94484
"Di-3,12a-OH|Di-7,12a-OH",94616
"Di-3,12a-OH|Di-7,12a-OH",94670
"Di-3,12a-OH|Di-7,12a-OH",94709
"Di-3,12a-OH|Di-7,12a-OH",94945
"Di-3,12a-OH|Di-7,12a-OH",94992
"Di-3,12a-OH|Di-7,12a-OH",95036
"Di-3,12a-OH|Di-7,12a-OH",95037
"Di-3,12a-OH|Di-7,12a-OH",95218
"Di-3,12a-OH|Di-7,12a-OH",95387
"Di-3,12a-OH|Di-7,12a-OH",95417
"Di-3,12a-OH|Di-7,12a-OH",95564
"Di-3,12a-OH|Di-7,12a-OH",95576
"Di-3,12a-OH|Di-7,12a-OH",95612
"Di-3,12a-OH|Di-7,12a-OH",95667
"Di-3,12a-OH|Di-7,12a-OH",95693
"Di-3,12a-OH|Di-7,12a-OH",96368
"Di-3,12a-OH|Di-7,12a-OH",96566
"Di-3,12a-OH|Di-7,12a-OH",96782
"Di-3,12a-OH|Di-7,12a-OH",97003
"Di-3,12a-OH|Di-7,12a-OH",97160
"Di-3,12a-OH|Di-7,12a-OH",97541
"Di-3,12a-OH|Di-7,12a-OH",98107
"Di-3,12a-OH|Di-7,12a-OH",98141
"Di-3,12a-OH|Di-7,12a-OH",98279
"Di-3,12a-OH|Di-7,12a-OH",98368
"Di-3,12a-OH|Di-7,12a-OH",98371
"Di-3,12a-OH|Di-7,12a-OH",98375
"Di-3,12a-OH|Di-7,12a-OH",98786
"Di-3,12a-OH|Di-7,12a-OH",99032
"Di-3,12a-OH|Di-7,12a-OH",99288
"Di-3,12a-OH|Di-7,12a-OH",99329
"Di-3,12a-OH|Di-7,12a-OH",99332
"Di-3,12a-OH|Di-7,12a-OH",99403
"Di-3,12a-OH|Di-7,12a-OH",99769
"Di-3,12a-OH|Di-7,12a-OH",99915
"Di-3,12a-OH|Di-7,12a-OH",99985
"Di-3,12a-OH|Di-7,12a-OH",100005
"Di-3,12a-OH|Di-7,12a-OH",100104
"Di-3,12a-OH|Di-7,12a-OH",100108
"Di-3,12a-OH|Di-7,12a-OH",100279
"Di-3,12a-OH|Di-7,12a-OH",100315
"Di-3,12a-OH|Di-7,12a-OH",100339
"Di-3,12a-OH|Di-7,12a-OH",100356
"Di-3,12a-OH|Di-7,12a-OH",100380
"Di-3,12a-OH|Di-7,12a-OH",100401
"Di-3,12a-OH|Di-7,12a-OH",100543
"Di-3,12a-OH|Di-7,12a-OH",100570
"Di-3,12a-OH|Di-7,12a-OH",100579
"Di-3,12a-OH|Di-7,12a-OH",100613
"Di-3,12a-OH|Di-7,12a-OH",100621
"Di-3,12a-OH|Di-7,12a-OH",100644
"Di-3,12a-OH|Di-7,12a-OH",100649
"Di-3,12a-OH|Di-7,12a-OH",100680
"Di-3,12a-OH|Di-7,12a-OH",100689
"Di-3,12a-OH|Di-7,12a-OH",100711
"Di-3,12a-OH|Di-7,12a-OH",100717
"Di-3,12a-OH|Di-7,12a-OH",100719
"Di-3,12a-OH|Di-7,12a-OH",100792
"Di-3,12a-OH|Di-7,12a-OH",100945
"Di-3,12a-OH|Di-7,12a-OH",101187
"Di-3,12a-OH|Di-7,12a-OH",101286
"Di-3,12a-OH|Di-7,12a-OH",101324
"Di-3,12a-OH|Di-7,12a-OH",101389
"Di-3,12a-OH|Di-7,12a-OH",101404
"Di-3,12a-OH|Di-7,12a-OH",101648
"Di-3,12a-OH|Di-7,12a-OH",101983
"Di-3,12a-OH|Di-7,12a-OH",102273
"Di-3,12a-OH|Di-7,12a-OH",102274
"Di-3,12a-OH|Di-7,12a-OH",102307
"Di-3,12a-OH|Di-7,12a-OH",102333
"Di-3,12a-OH|Di-7,12a-OH",102377
"Di-3,12a-OH|Di-7,12a-OH",102393
"Di-3,12a-OH|Di-7,12a-OH",102521
"Di-3,12a-OH|Di-7,12a-OH",102527
"Di-3,12a-OH|Di-7,12a-OH",102772
"Di-3,12a-OH|Di-7,12a-OH",102883
"Di-3,12a-OH|Di-7,12a-OH",102886
"Di-3,12a-OH|Di-7,12a-OH",103053
"Di-3,12a-OH|Di-7,12a-OH",103661
"Di-3,12a-OH|Di-7,12a-OH",103728
"Di-3,12a-OH|Di-7,12a-OH",103879
"Di-3,12a-OH|Di-7,12a-OH",104099
"Di-3,12a-OH|Di-7,12a-OH",104629
"Di-3,12a-OH|Di-7,12a-OH",104776
"Di-3,12a-OH|Di-7,12a-OH",105035
"Di-3,12a-OH|Di-7,12a-OH",105425
"Di-3,12a-OH|Di-7,12a-OH",105697
"Di-3,12a-OH|Di-7,12a-OH",106670
"Di-3,12a-OH|Di-7,12a-OH",106671
"Di-3,12a-OH|Di-7,12a-OH",106736
"Di-3,12a-OH|Di-7,12a-OH",107217
"Di-3,12a-OH|Di-7,12a-OH",107238
"Di-3,12a-OH|Di-7,12a-OH",107743
"Di-3,12a-OH|Di-7,12a-OH",108083
"Di-3,12a-OH|Di-7,12a-OH",108226
"Di-3,12a-OH|Di-7,12a-OH",108923
"Di-3,12a-OH|Di-7,12a-OH",109298
"Di-3,12a-OH|Di-7,12a-OH",109509
"Di-3,12a-OH|Di-7,12a-OH",109642
"Di-3,12a-OH|Di-7,12a-OH",110423
"Di-3,12a-OH|Di-7,12a-OH",110663
"Di-3,12a-OH|Di-7,12a-OH",110794
"Di-3,12a-OH|Di-7,12a-OH",110961
"Di-3,12a-OH|Di-7,12a-OH",111387
"Di-3,12a-OH|Di-7,12a-OH",111754
"Di-3,12a-OH|Di-7,12a-OH",111755
"Di-3,12a-OH|Di-7,12a-OH",111760
"Di-3,12a-OH|Di-7,12a-OH",111791
"Di-3,12a-OH|Di-7,12a-OH",111810
"Di-3,12a-OH|Di-7,12a-OH",111816
"Di-3,12a-OH|Di-7,12a-OH",111821
"Di-3,12a-OH|Di-7,12a-OH",111913
"Di-3,12a-OH|Di-7,12a-OH",111959
"Di-3,12a-OH|Di-7,12a-OH",112400
"Di-3,12a-OH|Di-7,12a-OH",112727
"Di-3,12a-OH|Di-7,12a-OH",112743
"Di-3,12a-OH|Di-7,12a-OH",112750
"Di-3,12a-OH|Di-7,12a-OH",112759
"Di-3,12a-OH|Di-7,12a-OH",112772
"Di-3,12a-OH|Di-7,12a-OH",112820
"Di-3,12a-OH|Di-7,12a-OH",112821
"Di-3,12a-OH|Di-7,12a-OH",113046
"Di-3,12a-OH|Di-7,12a-OH",113186
"Di-3,12a-OH|Di-7,12a-OH",113265
"Di-3,12a-OH|Di-7,12a-OH",113312
"Di-3,12a-OH|Di-7,12a-OH",113384
"Di-3,12a-OH|Di-7,12a-OH",113654
"Di-3,12a-OH|Di-7,12a-OH",113933
"Di-3,12a-OH|Di-7,12a-OH",114407
"Di-3,12a-OH|Di-7,12a-OH",115712
"Di-3,12a-OH|Di-7,12a-OH",115873
"Di-3,12a-OH|Di-7,12a-OH",116312
"Di-3,12a-OH|Di-7,12a-OH",116641
"Di-3,12a-OH|Di-7,12a-OH",117397
"Di-3,12a-OH|Di-7,12a-OH",117411
"Di-3,12a-OH|Di-7,12a-OH",117981
"Di-3,12a-OH|Di-7,12a-OH",119323
"Di-3,12a-OH|Di-7,12a-OH",119633
"Di-3,12a-OH|Di-7,12a-OH",119677
"Di-3,12a-OH|Di-7,12a-OH",119702
"Di-3,12a-OH|Di-7,12a-OH",119847
"Di-3,12a-OH|Di-7,12a-OH",120224
"Di-3,12a-OH|Di-7,12a-OH",120639
"Di-3,12a-OH|Di-7,12a-OH",121665
"Di-3,12a-OH|Di-7,12a-OH",123942
"Di-3,12a-OH|Di-7,12a-OH",126167
"Di-3,12a-OH|Di-7,12a-OH",131823
"Di-3,12a-OH",80315
"Di-3,12a-OH",81262
"Di-3,12a-OH",81399
"Di-3,12a-OH",82725
"Di-3,12a-OH",82776
"Di-3,12a-OH",83015
"Di-3,12a-OH",83333
"Di-3,12a-OH",83462
"Di-3,12a-OH",83465
"Di-3,12a-OH",83468
"Di-3,12a-OH",83469
"Di-3,12a-OH",83470
"Di-3,12a-OH",83561
"Di-3,12a-OH",83582
"Di-3,12a-OH",83583
"Di-3,12a-OH",83672
"Di-3,12a-OH",83749
"Di-3,12a-OH",84744
"Di-3,12a-OH",84770
"Di-3,12a-OH",84912
"Di-3,12a-OH",84922
"Di-3,12a-OH",84934
"Di-3,12a-OH",84942
"Di-3,12a-OH",84960
"Di-3,12a-OH",84967
"Di-3,12a-OH",84968
"Di-3,12a-OH",84984
"Di-3,12a-OH",84989
"Di-3,12a-OH",84990
"Di-3,12a-OH",85005
"Di-3,12a-OH",85011
"Di-3,12a-OH",85263
"Di-3,12a-OH",85290
"Di-3,12a-OH",85306
"Di-3,12a-OH",85314
"Di-3,12a-OH",85416
"Di-3,12a-OH",85503
"Di-3,12a-OH",85675
"Di-3,12a-OH",85793
"Di-3,12a-OH",85881
"Di-3,12a-OH",86120
"Di-3,12a-OH",86172
"Di-3,12a-OH",86220
"Di-3,12a-OH",86223
"Di-3,12a-OH",86273
"Di-3,12a-OH",86615
"Di-3,12a-OH",86628
"Di-3,12a-OH",86706
"Di-3,12a-OH",86758
"Di-3,12a-OH",87003
"Di-3,12a-OH",87192
"Di-3,12a-OH",87395
"Di-3,12a-OH",87595
"Di-3,12a-OH",87830
"Di-3,12a-OH",88033
"Di-3,12a-OH",88428
"Di-3,12a-OH",88514
"Di-3,12a-OH",88696
"Di-3,12a-OH",88698
"Di-3,12a-OH",88786
"Di-3,12a-OH",88830
"Di-3,12a-OH",88842
"Di-3,12a-OH",88850
"Di-3,12a-OH",88929
"Di-3,12a-OH",89898
"Di-3,12a-OH",90065
"Di-3,12a-OH",90361
"Di-3,12a-OH",90400
"Di-3,12a-OH",90407
"Di-3,12a-OH",90409
"Di-3,12a-OH",90443
"Di-3,12a-OH",90468
"Di-3,12a-OH",90718
"Di-3,12a-OH",90776
"Di-3,12a-OH",90958
"Di-3,12a-OH",91008
"Di-3,12a-OH",91104
"Di-3,12a-OH",91107
"Di-3,12a-OH",91260
"Di-3,12a-OH",91267
"Di-3,12a-OH",91291
"Di-3,12a-OH",91446
"Di-3,12a-OH",91467
"Di-3,12a-OH",91513
"Di-3,12a-OH",91514
"Di-3,12a-OH",91515
"Di-3,12a-OH",91605
"Di-3,12a-OH",91606
"Di-3,12a-OH",91609
"Di-3,12a-OH",91611
"Di-3,12a-OH",91612
"Di-3,12a-OH",91618
"Di-3,12a-OH",91697
"Di-3,12a-OH",91706
"Di-3,12a-OH",91710
"Di-3,12a-OH",91749
"Di-3,12a-OH",91754
"Di-3,12a-OH",91767
"Di-3,12a-OH",91773
"Di-3,12a-OH",91779
"Di-3,12a-OH",91780
"Di-3,12a-OH",91880
"Di-3,12a-OH",91882
"Di-3,12a-OH",91883
"Di-3,12a-OH",91885
"Di-3,12a-OH",91970
"Di-3,12a-OH",92045
"Di-3,12a-OH",92198
"Di-3,12a-OH",92447
"Di-3,12a-OH",92475
"Di-3,12a-OH",92476
"Di-3,12a-OH",92760
"Di-3,12a-OH",92825
"Di-3,12a-OH",92829
"Di-3,12a-OH",92932
"Di-3,12a-OH",92944
"Di-3,12a-OH",93042
"Di-3,12a-OH",93044
"Di-3,12a-OH",93052
"Di-3,12a-OH",93640
"Di-3,12a-OH",93652
"Di-3,12a-OH",93670
"Di-3,12a-OH",93673
"Di-3,12a-OH",93748
"Di-3,12a-OH",93791
"Di-3,12a-OH",93867
"Di-3,12a-OH",94214
"Di-3,12a-OH",94320
"Di-3,12a-OH",94335
"Di-3,12a-OH",94348
"Di-3,12a-OH",94915
"Di-3,12a-OH",94953
"Di-3,12a-OH",95037
"Di-3,12a-OH",95218
"Di-3,12a-OH",95417
"Di-3,12a-OH",95576
"Di-3,12a-OH",95667
"Di-3,12a-OH",95693
"Di-3,12a-OH",97003
"Di-3,12a-OH",97160
"Di-3,12a-OH",98291
"Di-3,12a-OH",98375
"Di-3,12a-OH",98556
"Di-3,12a-OH",98799
"Di-3,12a-OH",98800
"Di-3,12a-OH",98917
"Di-3,12a-OH",99160
"Di-3,12a-OH",99332
"Di-3,12a-OH",99600
"Di-3,12a-OH",99604
"Di-3,12a-OH",99659
"Di-3,12a-OH",100108
"Di-3,12a-OH",100315
"Di-3,12a-OH",102274
"Di-3,12a-OH",102321
"Di-3,12a-OH",102331
"Di-3,12a-OH",102333
"Di-3,12a-OH",102338
"Di-3,12a-OH",102377
"Di-3,12a-OH",102393
"Di-3,12a-OH",102716
"Di-3,12a-OH",102718
"Di-3,12a-OH",102772
"Di-3,12a-OH",102883
"Di-3,12a-OH",102886
"Di-3,12a-OH",103318
"Di-3,12a-OH",103728
"Di-3,12a-OH",104629
"Di-3,12a-OH",104700
"Di-3,12a-OH",105035
"Di-3,12a-OH",106583
"Di-3,12a-OH",106670
"Di-3,12a-OH",106752
"Di-3,12a-OH",106755
"Di-3,12a-OH",107341
"Di-3,12a-OH",107743
"Di-3,12a-OH",108226
"Di-3,12a-OH",108374
"Di-3,12a-OH",109069
"Di-3,12a-OH",109728
"Di-3,12a-OH",109871
"Di-3,12a-OH",110103
"Di-3,12a-OH",110423
"Di-3,12a-OH",111801
"Di-3,12a-OH",111828
"Di-3,12a-OH",111969
"Di-3,12a-OH",112371
"Di-3,12a-OH",112531
"Di-3,12a-OH",112709
"Di-3,12a-OH",112710
"Di-3,12a-OH",113046
"Di-3,12a-OH",113654
"Di-3,12a-OH",116008
"Di-3,12a-OH",118586
"Di-3,12a-OH",119323
"Di-3,12a-OH",119493
"Di-3,12a-OH",119633
"Di-3,12a-OH",119677
"Di-3,12a-OH",119847
"Di-3,12a-OH",121665
"Di-3,12a-OH",122412
"Di-3,12a-OH",122749
"Di-3,12a-OH",122917
"Di-3,12a-OH",123184
"Di-3,12a-OH",123942
"Di-3,12a-OH",124015
"Di-3,12a-OH",124965
"Di-3,12a-OH",125396
"Di-3,12a-OH",127717
"Di-3,12a-OH",128491
"Di-3,12a-OH",128658
"Di-3,12a-OH",132673
"Di-7,12a-OH",nan
Trihydroxy_stage1,74029
Trihydroxy_stage1,76968
Trihydroxy_stage1,77258
Trihydroxy_stage1,78103
Trihydroxy_stage1,79381
Trihydroxy_stage1,79434
Trihydroxy_stage1,79565
Trihydroxy_stage1,80215
Trihydroxy_stage1,80217
Trihydroxy_stage1,80315
Trihydroxy_stage1,81093
Trihydroxy_stage1,81115
Trihydroxy_stage1,81262
Trihydroxy_stage1,81399
Trihydroxy_stage1,81486
Trihydroxy_stage1,81530
Trihydroxy_stage1,81575
Trihydroxy_stage1,81758
Trihydroxy_stage1,81928
Trihydroxy_stage1,82085
Trihydroxy_stage1,82261
Trihydroxy_stage1,82318
Trihydroxy_stage1,82322
Trihydroxy_stage1,82354
Trihydroxy_stage1,82725
Trihydroxy_stage1,82744
Trihydroxy_stage1,82776
Trihydroxy_stage1,83014
Trihydroxy_stage1,83015
Trihydroxy_stage1,83076
Trihydroxy_stage1,83082
Trihydroxy_stage1,83123
Trihydroxy_stage1,83126
Trihydroxy_stage1,83279
Trihydroxy_stage1,83333
Trihydroxy_stage1,83372
Trihydroxy_stage1,83461
Trihydroxy_stage1,83462
Trihydroxy_stage1,83464
Trihydroxy_stage1,83465
Trihydroxy_stage1,83466
Trihydroxy_stage1,83467
Trihydroxy_stage1,83468
Trihydroxy_stage1,83469
Trihydroxy_stage1,83470
Trihydroxy_stage1,83560
Trihydroxy_stage1,83561
Trihydroxy_stage1,83582
Trihydroxy_stage1,83583
Trihydroxy_stage1,83672
Trihydroxy_stage1,83749
Trihydroxy_stage1,83832
Trihydroxy_stage1,83861
Trihydroxy_stage1,83946
Trihydroxy_stage1,84377
Trihydroxy_stage1,84579
Trihydroxy_stage1,84702
Trihydroxy_stage1,84744
Trihydroxy_stage1,84767
Trihydroxy_stage1,84768
Trihydroxy_stage1,84770
Trihydroxy_stage1,84811
Trihydroxy_stage1,84912
Trihydroxy_stage1,84922
Trihydroxy_stage1,84934
Trihydroxy_stage1,84942
Trihydroxy_stage1,84960
Trihydroxy_stage1,84967
Trihydroxy_stage1,84968
Trihydroxy_stage1,84984
Trihydroxy_stage1,84989
Trihydroxy_stage1,84990
Trihydroxy_stage1,85003
Trihydroxy_stage1,85005
Trihydroxy_stage1,85011
Trihydroxy_stage1,85040
Trihydroxy_stage1,85122
Trihydroxy_stage1,85263
Trihydroxy_stage1,85290
Trihydroxy_stage1,85306
Trihydroxy_stage1,85314
Trihydroxy_stage1,85318
Trihydroxy_stage1,85415
Trihydroxy_stage1,85416
Trihydroxy_stage1,85439
Trihydroxy_stage1,85502
Trihydroxy_stage1,85503
Trihydroxy_stage1,85507
Trihydroxy_stage1,85512
Trihydroxy_stage1,85539
Trihydroxy_stage1,85540
Trihydroxy_stage1,85575
Trihydroxy_stage1,85601
Trihydroxy_stage1,85602
Trihydroxy_stage1,85604
Trihydroxy_stage1,85623
Trihydroxy_stage1,85624
Trihydroxy_stage1,85675
Trihydroxy_stage1,85677
Trihydroxy_stage1,85693
Trihydroxy_stage1,85714
Trihydroxy_stage1,85742
Trihydroxy_stage1,85745
Trihydroxy_stage1,85750
Trihydroxy_stage1,85793
Trihydroxy_stage1,85828
Trihydroxy_stage1,85881
Trihydroxy_stage1,86111
Trihydroxy_stage1,86114
Trihydroxy_stage1,86115
Trihydroxy_stage1,86120
Trihydroxy_stage1,86172
Trihydroxy_stage1,86174
Trihydroxy_stage1,86219
Trihydroxy_stage1,86220
Trihydroxy_stage1,86223
Trihydroxy_stage1,86273
Trihydroxy_stage1,86357
Trihydroxy_stage1,86362
Trihydroxy_stage1,86368
Trihydroxy_stage1,86409
Trihydroxy_stage1,86628
Trihydroxy_stage1,86706
Trihydroxy_stage1,86751
Trihydroxy_stage1,86863
Trihydroxy_stage1,86894
Trihydroxy_stage1,86908
Trihydroxy_stage1,86909
Trihydroxy_stage1,86937
Trihydroxy_stage1,86994
Trihydroxy_stage1,87003
Trihydroxy_stage1,87039
Trihydroxy_stage1,87043
Trihydroxy_stage1,87092
Trihydroxy_stage1,87139
Trihydroxy_stage1,87141
Trihydroxy_stage1,87395
Trihydroxy_stage1,87424
Trihydroxy_stage1,87595
Trihydroxy_stage1,87727
Trihydroxy_stage1,87831
Trihydroxy_stage1,87970
Trihydroxy_stage1,88030
Trihydroxy_stage1,88042
Trihydroxy_stage1,88305
Trihydroxy_stage1,88306
Trihydroxy_stage1,88308
Trihydroxy_stage1,88393
Trihydroxy_stage1,88402
Trihydroxy_stage1,88428
Trihydroxy_stage1,88514
Trihydroxy_stage1,88587
Trihydroxy_stage1,88588
Trihydroxy_stage1,88590
Trihydroxy_stage1,88692
Trihydroxy_stage1,88696
Trihydroxy_stage1,88698
Trihydroxy_stage1,88700
Trihydroxy_stage1,88763
Trihydroxy_stage1,88772
Trihydroxy_stage1,88786
Trihydroxy_stage1,88797
Trihydroxy_stage1,88826
Trihydroxy_stage1,88830
Trihydroxy_stage1,88842
Trihydroxy_stage1,88850
Trihydroxy_stage1,88912
Trihydroxy_stage1,88929
Trihydroxy_stage1,88933
Trihydroxy_stage1,88971
Trihydroxy_stage1,88987
Trihydroxy_stage1,89193
Trihydroxy_stage1,89194
Trihydroxy_stage1,89263
Trihydroxy_stage1,89381
Trihydroxy_stage1,89419
Trihydroxy_stage1,89428
Trihydroxy_stage1,89486
Trihydroxy_stage1,89493
Trihydroxy_stage1,89507
Trihydroxy_stage1,89555
Trihydroxy_stage1,89636
Trihydroxy_stage1,89704
Trihydroxy_stage1,89898
Trihydroxy_stage1,89991
Trihydroxy_stage1,90065
Trihydroxy_stage1,90288
Trihydroxy_stage1,90413
Trihydroxy_stage1,90430
Trihydroxy_stage1,90468
Trihydroxy_stage1,90503
Trihydroxy_stage1,90512
Trihydroxy_stage1,90514
Trihydroxy_stage1,90562
Trihydroxy_stage1,90627
Trihydroxy_stage1,90680
Trihydroxy_stage1,90683
Trihydroxy_stage1,91050
Trihydroxy_stage1,91128
Trihydroxy_stage1,91247
Trihydroxy_stage1,91260
Trihydroxy_stage1,91333
Trihydroxy_stage1,91446
Trihydroxy_stage1,91479
Trihydroxy_stage1,91505
Trihydroxy_stage1,91513
Trihydroxy_stage1,91514
Trihydroxy_stage1,91515
Trihydroxy_stage1,91536
Trihydroxy_stage1,91556
Trihydroxy_stage1,91603
Trihydroxy_stage1,91604
Trihydroxy_stage1,91605
Trihydroxy_stage1,91606
Trihydroxy_stage1,91608
Trihydroxy_stage1,91609
Trihydroxy_stage1,91611
Trihydroxy_stage1,91612
Trihydroxy_stage1,91618
Trihydroxy_stage1,91697
Trihydroxy_stage1,91701
Trihydroxy_stage1,91704
Trihydroxy_stage1,91706
Trihydroxy_stage1,91710
Trihydroxy_stage1,91737
Trihydroxy_stage1,91749
Trihydroxy_stage1,91752
Trihydroxy_stage1,91754
Trihydroxy_stage1,91758
Trihydroxy_stage1,91765
Trihydroxy_stage1,91766
Trihydroxy_stage1,91767
Trihydroxy_stage1,91771
Trihydroxy_stage1,91773
Trihydroxy_stage1,91779
Trihydroxy_stage1,91780
Trihydroxy_stage1,91791
Trihydroxy_stage1,91800
Trihydroxy_stage1,91801
Trihydroxy_stage1,91880
Trihydroxy_stage1,91882
Trihydroxy_stage1,91883
Trihydroxy_stage1,91885
Trihydroxy_stage1,91963
Trihydroxy_stage1,91970
Trihydroxy_stage1,92127
Trihydroxy_stage1,92354
Trihydroxy_stage1,92476
Trihydroxy_stage1,92752
Trihydroxy_stage1,92760
Trihydroxy_stage1,92829
Trihydroxy_stage1,92889
Trihydroxy_stage1,92944
Trihydroxy_stage1,93166
Trihydroxy_stage1,93167
Trihydroxy_stage1,93168
Trihydroxy_stage1,93172
Trihydroxy_stage1,93184
Trihydroxy_stage1,93185
Trihydroxy_stage1,93194
Trihydroxy_stage1,93308
Trihydroxy_stage1,93371
Trihydroxy_stage1,93388
Trihydroxy_stage1,93625
Trihydroxy_stage1,93627
Trihydroxy_stage1,93632
Trihydroxy_stage1,93696
Trihydroxy_stage1,93748
Trihydroxy_stage1,93749
Trihydroxy_stage1,93786
Trihydroxy_stage1,93803
Trihydroxy_stage1,93837
Trihydroxy_stage1,93854
Trihydroxy_stage1,94048
Trihydroxy_stage1,94072
Trihydroxy_stage1,94131
Trihydroxy_stage1,94137
Trihydroxy_stage1,94166
Trihydroxy_stage1,94169
Trihydroxy_stage1,94184
Trihydroxy_stage1,94214
Trihydroxy_stage1,94228
Trihydroxy_stage1,94320
Trihydroxy_stage1,94334
Trihydroxy_stage1,94335
Trihydroxy_stage1,94336
Trihydroxy_stage1,94346
Trihydroxy_stage1,94348
Trihydroxy_stage1,94373
Trihydroxy_stage1,94389
Trihydroxy_stage1,94416
Trihydroxy_stage1,94450
Trihydroxy_stage1,94484
Trihydroxy_stage1,94506
Trihydroxy_stage1,94616
Trihydroxy_stage1,94670
Trihydroxy_stage1,94709
Trihydroxy_stage1,94836
Trihydroxy_stage1,94919
Trihydroxy_stage1,94945
Trihydroxy_stage1,94992
Trihydroxy_stage1,95036
Trihydroxy_stage1,95103
Trihydroxy_stage1,95191
Trihydroxy_stage1,95344
Trihydroxy_stage1,95387
Trihydroxy_stage1,95417
Trihydroxy_stage1,95564
Trihydroxy_stage1,95576
Trihydroxy_stage1,95612
Trihydroxy_stage1,95667
Trihydroxy_stage1,95779
Trihydroxy_stage1,96077
Trihydroxy_stage1,96677
Trihydroxy_stage1,96734
Trihydroxy_stage1,97003
Trihydroxy_stage1,97124
Trihydroxy_stage1,97160
Trihydroxy_stage1,97172
Trihydroxy_stage1,97243
Trihydroxy_stage1,97244
Trihydroxy_stage1,97568
Trihydroxy_stage1,97571
Trihydroxy_stage1,97803
Trihydroxy_stage1,97806
Trihydroxy_stage1,97977
Trihydroxy_stage1,97997
Trihydroxy_stage1,98029
Trihydroxy_stage1,98107
Trihydroxy_stage1,98141
Trihydroxy_stage1,98279
Trihydroxy_stage1,98291
Trihydroxy_stage1,98368
Trihydroxy_stage1,98375
Trihydroxy_stage1,98377
Trihydroxy_stage1,98378
Trihydroxy_stage1,98413
Trihydroxy_stage1,98466
Trihydroxy_stage1,98472
Trihydroxy_stage1,98847
Trihydroxy_stage1,98906
Trihydroxy_stage1,98923
Trihydroxy_stage1,98985
Trihydroxy_stage1,99032
Trihydroxy_stage1,99215
Trihydroxy_stage1,99217
Trihydroxy_stage1,99288
Trihydroxy_stage1,99324
Trihydroxy_stage1,99329
Trihydroxy_stage1,99492
Trihydroxy_stage1,99787
Trihydroxy_stage1,99915
Trihydroxy_stage1,99985
Trihydroxy_stage1,100104
Trihydroxy_stage1,100191
Trihydroxy_stage1,100217
Trihydroxy_stage1,100276
Trihydroxy_stage1,100339
Trihydroxy_stage1,100357
Trihydroxy_stage1,100380
Trihydroxy_stage1,100385
Trihydroxy_stage1,100401
Trihydroxy_stage1,100533
Trihydroxy_stage1,100534
Trihydroxy_stage1,100535
Trihydroxy_stage1,100536
Trihydroxy_stage1,100539
Trihydroxy_stage1,100540
Trihydroxy_stage1,100543
Trihydroxy_stage1,100566
Trihydroxy_stage1,100570
Trihydroxy_stage1,100575
Trihydroxy_stage1,100579
Trihydroxy_stage1,100586
Trihydroxy_stage1,100613
Trihydroxy_stage1,100621
Trihydroxy_stage1,100638
Trihydroxy_stage1,100644
Trihydroxy_stage1,100649
Trihydroxy_stage1,100676
Trihydroxy_stage1,100680
Trihydroxy_stage1,100689
Trihydroxy_stage1,100711
Trihydroxy_stage1,100717
Trihydroxy_stage1,100719
Trihydroxy_stage1,100755
Trihydroxy_stage1,100792
Trihydroxy_stage1,100828
Trihydroxy_stage1,100890
Trihydroxy_stage1,100945
Trihydroxy_stage1,101324
Trihydroxy_stage1,101389
Trihydroxy_stage1,101648
Trihydroxy_stage1,101710
Trihydroxy_stage1,101714
Trihydroxy_stage1,101739
Trihydroxy_stage1,101834
Trihydroxy_stage1,101983
Trihydroxy_stage1,102338
Trihydroxy_stage1,102397
Trihydroxy_stage1,103053
Trihydroxy_stage1,103106
Trihydroxy_stage1,103169
Trihydroxy_stage1,103318
Trihydroxy_stage1,103341
Trihydroxy_stage1,103396
Trihydroxy_stage1,103568
Trihydroxy_stage1,103642
Trihydroxy_stage1,103661
Trihydroxy_stage1,104312
Trihydroxy_stage1,104332
Trihydroxy_stage1,104660
Trihydroxy_stage1,104662
Trihydroxy_stage1,104700
Trihydroxy_stage1,104701
Trihydroxy_stage1,104703
Trihydroxy_stage1,104715
Trihydroxy_stage1,104745
Trihydroxy_stage1,104776
Trihydroxy_stage1,104787
Trihydroxy_stage1,104950
Trihydroxy_stage1,105035
Trihydroxy_stage1,105144
Trihydroxy_stage1,105190
Trihydroxy_stage1,105518
Trihydroxy_stage1,105984
Trihydroxy_stage1,106553
Trihydroxy_stage1,106580
Trihydroxy_stage1,106583
Trihydroxy_stage1,106646
Trihydroxy_stage1,106670
Trihydroxy_stage1,106671
Trihydroxy_stage1,106679
Trihydroxy_stage1,106724
Trihydroxy_stage1,106725
Trihydroxy_stage1,106736
Trihydroxy_stage1,106753
Trihydroxy_stage1,106755
Trihydroxy_stage1,106765
Trihydroxy_stage1,106772
Trihydroxy_stage1,106797
Trihydroxy_stage1,106884
Trihydroxy_stage1,107341
Trihydroxy_stage1,107701
Trihydroxy_stage1,107705
Trihydroxy_stage1,107706
Trihydroxy_stage1,107718
Trihydroxy_stage1,107735
Trihydroxy_stage1,107743
Trihydroxy_stage1,107773
Trihydroxy_stage1,107796
Trihydroxy_stage1,107803
Trihydroxy_stage1,107804
Trihydroxy_stage1,107831
Trihydroxy_stage1,107833
Trihydroxy_stage1,107867
Trihydroxy_stage1,107868
Trihydroxy_stage1,107869
Trihydroxy_stage1,107871
Trihydroxy_stage1,107877
Trihydroxy_stage1,107878
Trihydroxy_stage1,107960
Trihydroxy_stage1,107961
Trihydroxy_stage1,108010
Trihydroxy_stage1,108083
Trihydroxy_stage1,108226
Trihydroxy_stage1,108349
Trihydroxy_stage1,108353
Trihydroxy_stage1,108364
Trihydroxy_stage1,108374
Trihydroxy_stage1,108398
Trihydroxy_stage1,108554
Trihydroxy_stage1,108803
Trihydroxy_stage1,108853
Trihydroxy_stage1,108914
Trihydroxy_stage1,108960
Trihydroxy_stage1,109011
Trihydroxy_stage1,109069
Trihydroxy_stage1,109298
Trihydroxy_stage1,109509
Trihydroxy_stage1,109642
Trihydroxy_stage1,109647
Trihydroxy_stage1,109695
Trihydroxy_stage1,109728
Trihydroxy_stage1,109871
Trihydroxy_stage1,109877
Trihydroxy_stage1,109899
Trihydroxy_stage1,110142
Trihydroxy_stage1,110579
Trihydroxy_stage1,110663
Trihydroxy_stage1,110794
Trihydroxy_stage1,111101
Trihydroxy_stage1,111288
Trihydroxy_stage1,111754
Trihydroxy_stage1,111755
Trihydroxy_stage1,111760
Trihydroxy_stage1,111766
Trihydroxy_stage1,111810
Trihydroxy_stage1,111815
Trihydroxy_stage1,111816
Trihydroxy_stage1,111913
Trihydroxy_stage1,112531
Trihydroxy_stage1,112709
Trihydroxy_stage1,112710
Trihydroxy_stage1,112711
Trihydroxy_stage1,112713
Trihydroxy_stage1,112715
Trihydroxy_stage1,112727
Trihydroxy_stage1,112743
Trihydroxy_stage1,112750
Trihydroxy_stage1,112759
Trihydroxy_stage1,112772
Trihydroxy_stage1,112793
Trihydroxy_stage1,112820
Trihydroxy_stage1,112821
Trihydroxy_stage1,112822
Trihydroxy_stage1,112823
Trihydroxy_stage1,112829
Trihydroxy_stage1,112832
Trihydroxy_stage1,112833
Trihydroxy_stage1,113186
Trihydroxy_stage1,113264
Trihydroxy_stage1,113265
Trihydroxy_stage1,113312
Trihydroxy_stage1,113384
Trihydroxy_stage1,116199
Trihydroxy_stage1,116209
Trihydroxy_stage1,116836
Trihydroxy_stage1,117397
Trihydroxy_stage1,117411
Trihydroxy_stage1,118380
Trihydroxy_stage1,119321
Trihydroxy_stage1,119323
Trihydroxy_stage1,119328
Trihydroxy_stage1,119350
Trihydroxy_stage1,119396
Trihydroxy_stage1,119493
Trihydroxy_stage1,119809
Trihydroxy_stage1,120018
Trihydroxy_stage1,120218
Trihydroxy_stage1,120343
Trihydroxy_stage1,120639
Trihydroxy_stage1,122749
Trihydroxy_stage1,122917
Trihydroxy_stage1,123571
Trihydroxy_stage1,124081
Trihydroxy_stage1,124236
Trihydroxy_stage1,124337
Trihydroxy_stage1,124360
Trihydroxy_stage1,124389
Trihydroxy_stage1,124390
Trihydroxy_stage1,125639
Trihydroxy_stage1,132673
Trihydroxy_stage2,nan
"Tri-3,6,7_NEW",82318
"Tri-3,6,7_NEW",82322
"Tri-3,6,7_NEW",86944
"Tri-3,6,7_NEW",87970
"Tri-3,6,7_NEW",88692
"Tri-3,6,7_NEW",90201
"Tri-3,6,7_NEW",90400
"Tri-3,6,7_NEW",90401
"Tri-3,6,7_NEW",90408
"Tri-3,6,7_NEW",91263
"Tri-3,6,7_NEW",92045
"Tri-3,6,7_NEW",92475
"Tri-3,6,7_NEW",94166
"Tri-3,6,7_NEW",97584
"Tri-3,6,7_NEW",101171
"Tri-3,6,7_NEW",101877
"Tri-3,6,7_NEW",103879
"Tri-3,6,7_NEW",106229
"Tri-3,6,7_NEW",106553
"Tri-3,6,7_NEW",106580
"Tri-3,6,7_NEW",106583
"Tri-3,6,7_NEW",106670
"Tri-3,6,7_NEW",106671
"Tri-3,6,7_NEW",106679
"Tri-3,6,7_NEW",106724
"Tri-3,6,7_NEW",106725
"Tri-3,6,7_NEW",106736
"Tri-3,6,7_NEW",106753
"Tri-3,6,7_NEW",106755
"Tri-3,6,7_NEW",106884
"Tri-3,6,7_NEW",108923
"Tri-3,6,7_NEW",111822
"Tri-3,6,7_NEW",115629
"Tri-3,6,7_NEW",115873
"Tri-3,6,7_NEW",119321
"Tri-3,6,7_NEW",119323
"Tri-3,6,7_NEW",119396
"Tri-3,6,7_NEW",119493
"Tri-3,6,7_NEW",124965
"Tri-3,6,7_NEW",125396
"Tri-3,6,7_NEW",126000
"Tri-3,6,7_NEW",132432
"Tri-3,6b,7a-OH|Tri-3,6a,7b-OH",86758
"Tri-3,6b,7a-OH|Tri-3,6a,7b-OH",86944
"Tri-3,6b,7a-OH|Tri-3,6a,7b-OH",87752
"Tri-3,6b,7a-OH|Tri-3,6a,7b-OH",89506
"Tri-3,6b,7a-OH|Tri-3,6a,7b-OH",89637
"Tri-3,6b,7a-OH|Tri-3,6a,7b-OH",89644
"Tri-3,6b,7a-OH|Tri-3,6a,7b-OH",90842
"Tri-3,6b,7a-OH|Tri-3,6a,7b-OH",90856
"Tri-3,6b,7a-OH|Tri-3,6a,7b-OH",91041
"Tri-3,6b,7a-OH|Tri-3,6a,7b-OH",91189
"Tri-3,6b,7a-OH|Tri-3,6a,7b-OH",92127
"Tri-3,6b,7a-OH|Tri-3,6a,7b-OH",92537
"Tri-3,6b,7a-OH|Tri-3,6a,7b-OH",93308
"Tri-3,6b,7a-OH|Tri-3,6a,7b-OH",93867
"Tri-3,6b,7a-OH|Tri-3,6a,7b-OH",96379
"Tri-3,6b,7a-OH|Tri-3,6a,7b-OH",96421
"Tri-3,6b,7a-OH|Tri-3,6a,7b-OH",96860
"Tri-3,6b,7a-OH|Tri-3,6a,7b-OH",97032
"Tri-3,6b,7a-OH|Tri-3,6a,7b-OH",97243
"Tri-3,6b,7a-OH|Tri-3,6a,7b-OH",97571
"Tri-3,6b,7a-OH|Tri-3,6a,7b-OH",98560
"Tri-3,6b,7a-OH|Tri-3,6a,7b-OH",98723
"Tri-3,6b,7a-OH|Tri-3,6a,7b-OH",99941
"Tri-3,6b,7a-OH|Tri-3,6a,7b-OH",100108
"Tri-3,6b,7a-OH|Tri-3,6a,7b-OH",100279
"Tri-3,6b,7a-OH|Tri-3,6a,7b-OH",100356
"Tri-3,6b,7a-OH|Tri-3,6a,7b-OH",101277
"Tri-3,6b,7a-OH|Tri-3,6a,7b-OH",101834
"Tri-3,6b,7a-OH|Tri-3,6a,7b-OH",102273
"Tri-3,6b,7a-OH|Tri-3,6a,7b-OH",102322
"Tri-3,6b,7a-OH|Tri-3,6a,7b-OH",102328
"Tri-3,6b,7a-OH|Tri-3,6a,7b-OH",102393
"Tri-3,6b,7a-OH|Tri-3,6a,7b-OH",103396
"Tri-3,6b,7a-OH|Tri-3,6a,7b-OH",103906
"Tri-3,6b,7a-OH|Tri-3,6a,7b-OH",103934
"Tri-3,6b,7a-OH|Tri-3,6a,7b-OH",104099
"Tri-3,6b,7a-OH|Tri-3,6a,7b-OH",104700
"Tri-3,6b,7a-OH|Tri-3,6a,7b-OH",104950
"Tri-3,6b,7a-OH|Tri-3,6a,7b-OH",105518
"Tri-3,6b,7a-OH|Tri-3,6a,7b-OH",106231
"Tri-3,6b,7a-OH|Tri-3,6a,7b-OH",107341
"Tri-3,6b,7a-OH|Tri-3,6a,7b-OH",107833
"Tri-3,6b,7a-OH|Tri-3,6a,7b-OH",108617
"Tri-3,6b,7a-OH|Tri-3,6a,7b-OH",109387
"Tri-3,6b,7a-OH|Tri-3,6a,7b-OH",109877
"Tri-3,6b,7a-OH|Tri-3,6a,7b-OH",110103
"Tri-3,6b,7a-OH|Tri-3,6a,7b-OH",111288
"Tri-3,6b,7a-OH|Tri-3,6a,7b-OH",111607
"Tri-3,6b,7a-OH|Tri-3,6a,7b-OH",113654
"Tri-3,6b,7a-OH|Tri-3,6a,7b-OH",114048
"Tri-3,6b,7a-OH|Tri-3,6a,7b-OH",116008
"Tri-3,6b,7a-OH|Tri-3,6a,7b-OH",116312
"Tri-3,6b,7a-OH|Tri-3,6a,7b-OH",116512
"Tri-3,6b,7a-OH|Tri-3,6a,7b-OH",116536
"Tri-3,6b,7a-OH|Tri-3,6a,7b-OH",116836
"Tri-3,6b,7a-OH|Tri-3,6a,7b-OH",118380
"Tri-3,6b,7a-OH|Tri-3,6a,7b-OH",119677
"Tri-3,6b,7a-OH|Tri-3,6a,7b-OH",120018
"Tri-3,6b,7a-OH|Tri-3,6a,7b-OH",120218
"Tri-3,6b,7a-OH|Tri-3,6a,7b-OH",124337
"Tri-3,6b,7a-OH|Tri-3,6a,7b-OH",125639
"Tri-3,6b,7a-OH|Tri-3,6a,7b-OH",126626
"Tri-3,6b,7a-OH|Tri-3,6a,7b-OH",126843
"Tri-3,6b,7a-OH|Tri-3,6a,7b-OH",127935
"Tri-3,6b,7a-OH|Tri-3,6a,7b-OH",127948
"Tri-3,6b,7a-OH|Tri-3,6a,7b-OH",128453
"Tri-3,6b,7a-OH|Tri-3,6a,7b-OH",131286
Tri-All_ketone_NEW,81730
Tri-All_ketone_NEW,85512
Tri-All_ketone_NEW,85539
Tri-All_ketone_NEW,86753
Tri-All_ketone_NEW,87830
Tri-All_ketone_NEW,88912
Tri-All_ketone_NEW,89506
Tri-All_ketone_NEW,89704
Tri-All_ketone_NEW,93194
Tri-All_ketone_NEW,93786
Tri-All_ketone_NEW,93803
Tri-All_ketone_NEW,93867
Tri-All_ketone_NEW,94346
Tri-All_ketone_NEW,97243
Tri-All_ketone_NEW,100566
Tri-All_ketone_NEW,106229
Tri-All_ketone_NEW,112710
Tri-All_ketone_NEW,112727
Tri-All_ketone_NEW,112772
Tri-All_ketone_NEW,112821
Tri-All_ketone_NEW,112833
Tri-All_ketone_NEW,113186
Tri-All_ketone_NEW,113384
Tri-All_ketone_NEW,119321
Tri-All_ketone_NEW,120639
Tri-All_ketone_NEW,125639
Tri-All_ketone_NEW,132673
Tri-3k_7or12_OH,83076
Tri-3k_7or12_OH,85415
Tri-3k_7or12_OH,86115
Tri-3k_7or12_OH,86615
Tri-3k_7or12_OH,86909
Tri-3k_7or12_OH,88042
Tri-3k_7or12_OH,89428
Tri-3k_7or12_OH,89486
Tri-3k_7or12_OH,89493
Tri-3k_7or12_OH,89506
Tri-3k_7or12_OH,89555
Tri-3k_7or12_OH,89636
Tri-3k_7or12_OH,90118
Tri-3k_7or12_OH,90512
Tri-3k_7or12_OH,90958
Tri-3k_7or12_OH,91128
Tri-3k_7or12_OH,91333
Tri-3k_7or12_OH,91758
Tri-3k_7or12_OH,94484
Tri-3k_7or12_OH,94916
Tri-3k_7or12_OH,96379
Tri-3k_7or12_OH,98368
Tri-3k_7or12_OH,98378
Tri-3k_7or12_OH,99492
Tri-3k_7or12_OH,100356
Tri-3k_7or12_OH,100539
Tri-3k_7or12_OH,100575
Tri-3k_7or12_OH,100586
Tri-3k_7or12_OH,100638
Tri-3k_7or12_OH,101197
Tri-3k_7or12_OH,101648
Tri-3k_7or12_OH,102338
Tri-3k_7or12_OH,105425
Tri-3k_7or12_OH,106752
Tri-3k_7or12_OH,111913
Tri-3k_7or12_OH,112531
Tri-3k_7or12_OH,112710
Tri-3k_7or12_OH,112713
Tri-3k_7or12_OH,112727
Tri-3k_7or12_OH,112759
Tri-3k_7or12_OH,112820
Tri-3k_7or12_OH,112832
Tri-3k_7or12_OH,112833
Tri-3k_7or12_OH,113186
Tri-3k_7or12_OH,113265
Tri-3k_7or12_OH,113312
Tri-3k_7or12_OH,113384
Tri-3k_7or12_OH,114867
Tri-3k_7or12_OH,116008
Tri-3k_7or12_OH,119847
Tri-3k_7or12_OH,120639
Tri-3k_7or12_OH,122843
Tri-3k_7or12_OH,122895
Tri-3k_7or12_OH,122932
Tri-3k_7or12_OH,126843
"Tri-3,7a,12a-OH_NEW",74029
"Tri-3,7a,12a-OH_NEW",78103
"Tri-3,7a,12a-OH_NEW",79434
"Tri-3,7a,12a-OH_NEW",79565
"Tri-3,7a,12a-OH_NEW",80215
"Tri-3,7a,12a-OH_NEW",80217
"Tri-3,7a,12a-OH_NEW",80315
"Tri-3,7a,12a-OH_NEW",81115
"Tri-3,7a,12a-OH_NEW",81262
"Tri-3,7a,12a-OH_NEW",81399
"Tri-3,7a,12a-OH_NEW",81486
"Tri-3,7a,12a-OH_NEW",82744
"Tri-3,7a,12a-OH_NEW",82776
"Tri-3,7a,12a-OH_NEW",83014
"Tri-3,7a,12a-OH_NEW",83015
"Tri-3,7a,12a-OH_NEW",83076
"Tri-3,7a,12a-OH_NEW",83082
"Tri-3,7a,12a-OH_NEW",83123
"Tri-3,7a,12a-OH_NEW",83126
"Tri-3,7a,12a-OH_NEW",83333
"Tri-3,7a,12a-OH_NEW",83461
"Tri-3,7a,12a-OH_NEW",83462
"Tri-3,7a,12a-OH_NEW",83464
"Tri-3,7a,12a-OH_NEW",83465
"Tri-3,7a,12a-OH_NEW",83466
"Tri-3,7a,12a-OH_NEW",83467
"Tri-3,7a,12a-OH_NEW",83468
"Tri-3,7a,12a-OH_NEW",83469
"Tri-3,7a,12a-OH_NEW",83470
"Tri-3,7a,12a-OH_NEW",83560
"Tri-3,7a,12a-OH_NEW",83561
"Tri-3,7a,12a-OH_NEW",83582
"Tri-3,7a,12a-OH_NEW",83583
"Tri-3,7a,12a-OH_NEW",83672
"Tri-3,7a,12a-OH_NEW",83749
"Tri-3,7a,12a-OH_NEW",83832
"Tri-3,7a,12a-OH_NEW",83861
"Tri-3,7a,12a-OH_NEW",84744
"Tri-3,7a,12a-OH_NEW",84767
"Tri-3,7a,12a-OH_NEW",84768
"Tri-3,7a,12a-OH_NEW",84770
"Tri-3,7a,12a-OH_NEW",84811
"Tri-3,7a,12a-OH_NEW",84912
"Tri-3,7a,12a-OH_NEW",84922
"Tri-3,7a,12a-OH_NEW",84934
"Tri-3,7a,12a-OH_NEW",84942
"Tri-3,7a,12a-OH_NEW",84960
"Tri-3,7a,12a-OH_NEW",84967
"Tri-3,7a,12a-OH_NEW",84968
"Tri-3,7a,12a-OH_NEW",84984
"Tri-3,7a,12a-OH_NEW",84989
"Tri-3,7a,12a-OH_NEW",84990
"Tri-3,7a,12a-OH_NEW",85003
"Tri-3,7a,12a-OH_NEW",85005
"Tri-3,7a,12a-OH_NEW",85011
"Tri-3,7a,12a-OH_NEW",85040
"Tri-3,7a,12a-OH_NEW",85122
"Tri-3,7a,12a-OH_NEW",85263
"Tri-3,7a,12a-OH_NEW",85290
"Tri-3,7a,12a-OH_NEW",85306
"Tri-3,7a,12a-OH_NEW",85314
"Tri-3,7a,12a-OH_NEW",85318
"Tri-3,7a,12a-OH_NEW",85416
"Tri-3,7a,12a-OH_NEW",85439
"Tri-3,7a,12a-OH_NEW",85503
"Tri-3,7a,12a-OH_NEW",85507
"Tri-3,7a,12a-OH_NEW",85601
"Tri-3,7a,12a-OH_NEW",85602
"Tri-3,7a,12a-OH_NEW",85604
"Tri-3,7a,12a-OH_NEW",85624
"Tri-3,7a,12a-OH_NEW",85675
"Tri-3,7a,12a-OH_NEW",85677
"Tri-3,7a,12a-OH_NEW",85693
"Tri-3,7a,12a-OH_NEW",85714
"Tri-3,7a,12a-OH_NEW",85742
"Tri-3,7a,12a-OH_NEW",85745
"Tri-3,7a,12a-OH_NEW",85793
"Tri-3,7a,12a-OH_NEW",85881
"Tri-3,7a,12a-OH_NEW",86111
"Tri-3,7a,12a-OH_NEW",86114
"Tri-3,7a,12a-OH_NEW",86115
"Tri-3,7a,12a-OH_NEW",86120
"Tri-3,7a,12a-OH_NEW",86174
"Tri-3,7a,12a-OH_NEW",86219
"Tri-3,7a,12a-OH_NEW",86220
"Tri-3,7a,12a-OH_NEW",86223
"Tri-3,7a,12a-OH_NEW",86273
"Tri-3,7a,12a-OH_NEW",86362
"Tri-3,7a,12a-OH_NEW",86368
"Tri-3,7a,12a-OH_NEW",86409
"Tri-3,7a,12a-OH_NEW",86706
"Tri-3,7a,12a-OH_NEW",86751
"Tri-3,7a,12a-OH_NEW",86937
"Tri-3,7a,12a-OH_NEW",86994
"Tri-3,7a,12a-OH_NEW",87039
"Tri-3,7a,12a-OH_NEW",87139
"Tri-3,7a,12a-OH_NEW",87141
"Tri-3,7a,12a-OH_NEW",87395
"Tri-3,7a,12a-OH_NEW",87424
"Tri-3,7a,12a-OH_NEW",87595
"Tri-3,7a,12a-OH_NEW",87831
"Tri-3,7a,12a-OH_NEW",88030
"Tri-3,7a,12a-OH_NEW",88042
"Tri-3,7a,12a-OH_NEW",88305
"Tri-3,7a,12a-OH_NEW",88306
"Tri-3,7a,12a-OH_NEW",88308
"Tri-3,7a,12a-OH_NEW",88393
"Tri-3,7a,12a-OH_NEW",88402
"Tri-3,7a,12a-OH_NEW",88428
"Tri-3,7a,12a-OH_NEW",88514
"Tri-3,7a,12a-OH_NEW",88588
"Tri-3,7a,12a-OH_NEW",88696
"Tri-3,7a,12a-OH_NEW",88698
"Tri-3,7a,12a-OH_NEW",88700
"Tri-3,7a,12a-OH_NEW",88763
"Tri-3,7a,12a-OH_NEW",88772
"Tri-3,7a,12a-OH_NEW",88786
"Tri-3,7a,12a-OH_NEW",88826
"Tri-3,7a,12a-OH_NEW",88830
"Tri-3,7a,12a-OH_NEW",88842
"Tri-3,7a,12a-OH_NEW",88850
"Tri-3,7a,12a-OH_NEW",88929
"Tri-3,7a,12a-OH_NEW",88971
"Tri-3,7a,12a-OH_NEW",88987
"Tri-3,7a,12a-OH_NEW",89193
"Tri-3,7a,12a-OH_NEW",89194
"Tri-3,7a,12a-OH_NEW",89381
"Tri-3,7a,12a-OH_NEW",89419
"Tri-3,7a,12a-OH_NEW",89991
"Tri-3,7a,12a-OH_NEW",90413
"Tri-3,7a,12a-OH_NEW",90468
"Tri-3,7a,12a-OH_NEW",90503
"Tri-3,7a,12a-OH_NEW",91247
"Tri-3,7a,12a-OH_NEW",91260
"Tri-3,7a,12a-OH_NEW",91333
"Tri-3,7a,12a-OH_NEW",91446
"Tri-3,7a,12a-OH_NEW",91513
"Tri-3,7a,12a-OH_NEW",91514
"Tri-3,7a,12a-OH_NEW",91515
"Tri-3,7a,12a-OH_NEW",91556
"Tri-3,7a,12a-OH_NEW",91604
"Tri-3,7a,12a-OH_NEW",91605
"Tri-3,7a,12a-OH_NEW",91606
"Tri-3,7a,12a-OH_NEW",91608
"Tri-3,7a,12a-OH_NEW",91609
"Tri-3,7a,12a-OH_NEW",91611
"Tri-3,7a,12a-OH_NEW",91612
"Tri-3,7a,12a-OH_NEW",91618
"Tri-3,7a,12a-OH_NEW",91697
"Tri-3,7a,12a-OH_NEW",91701
"Tri-3,7a,12a-OH_NEW",91704
"Tri-3,7a,12a-OH_NEW",91706
"Tri-3,7a,12a-OH_NEW",91710
"Tri-3,7a,12a-OH_NEW",91749
"Tri-3,7a,12a-OH_NEW",91752
"Tri-3,7a,12a-OH_NEW",91754
"Tri-3,7a,12a-OH_NEW",91758
"Tri-3,7a,12a-OH_NEW",91765
"Tri-3,7a,12a-OH_NEW",91766
"Tri-3,7a,12a-OH_NEW",91767
"Tri-3,7a,12a-OH_NEW",91771
"Tri-3,7a,12a-OH_NEW",91773
"Tri-3,7a,12a-OH_NEW",91779
"Tri-3,7a,12a-OH_NEW",91780
"Tri-3,7a,12a-OH_NEW",91791
"Tri-3,7a,12a-OH_NEW",91800
"Tri-3,7a,12a-OH_NEW",91801
"Tri-3,7a,12a-OH_NEW",91880
"Tri-3,7a,12a-OH_NEW",91882
"Tri-3,7a,12a-OH_NEW",91883
"Tri-3,7a,12a-OH_NEW",91885
"Tri-3,7a,12a-OH_NEW",91963
"Tri-3,7a,12a-OH_NEW",91970
"Tri-3,7a,12a-OH_NEW",92127
"Tri-3,7a,12a-OH_NEW",92354
"Tri-3,7a,12a-OH_NEW",92476
"Tri-3,7a,12a-OH_NEW",92752
"Tri-3,7a,12a-OH_NEW",92760
"Tri-3,7a,12a-OH_NEW",92829
"Tri-3,7a,12a-OH_NEW",92944
"Tri-3,7a,12a-OH_NEW",93166
"Tri-3,7a,12a-OH_NEW",93167
"Tri-3,7a,12a-OH_NEW",93168
"Tri-3,7a,12a-OH_NEW",93371
"Tri-3,7a,12a-OH_NEW",93625
"Tri-3,7a,12a-OH_NEW",93627
"Tri-3,7a,12a-OH_NEW",93748
"Tri-3,7a,12a-OH_NEW",94072
"Tri-3,7a,12a-OH_NEW",94131
"Tri-3,7a,12a-OH_NEW",94137
"Tri-3,7a,12a-OH_NEW",94184
"Tri-3,7a,12a-OH_NEW",94320
"Tri-3,7a,12a-OH_NEW",94335
"Tri-3,7a,12a-OH_NEW",94348
"Tri-3,7a,12a-OH_NEW",94450
"Tri-3,7a,12a-OH_NEW",94484
"Tri-3,7a,12a-OH_NEW",94506
"Tri-3,7a,12a-OH_NEW",94709
"Tri-3,7a,12a-OH_NEW",94836
"Tri-3,7a,12a-OH_NEW",94919
"Tri-3,7a,12a-OH_NEW",94945
"Tri-3,7a,12a-OH_NEW",95103
"Tri-3,7a,12a-OH_NEW",95191
"Tri-3,7a,12a-OH_NEW",95218
"Tri-3,7a,12a-OH_NEW",95344
"Tri-3,7a,12a-OH_NEW",95387
"Tri-3,7a,12a-OH_NEW",95417
"Tri-3,7a,12a-OH_NEW",95564
"Tri-3,7a,12a-OH_NEW",95667
"Tri-3,7a,12a-OH_NEW",97003
"Tri-3,7a,12a-OH_NEW",97160
"Tri-3,7a,12a-OH_NEW",97244
"Tri-3,7a,12a-OH_NEW",97568
"Tri-3,7a,12a-OH_NEW",98279
"Tri-3,7a,12a-OH_NEW",98291
"Tri-3,7a,12a-OH_NEW",98375
"Tri-3,7a,12a-OH_NEW",98413
"Tri-3,7a,12a-OH_NEW",98847
"Tri-3,7a,12a-OH_NEW",98985
"Tri-3,7a,12a-OH_NEW",99032
"Tri-3,7a,12a-OH_NEW",99288
"Tri-3,7a,12a-OH_NEW",99915
"Tri-3,7a,12a-OH_NEW",100217
"Tri-3,7a,12a-OH_NEW",100401
"Tri-3,7a,12a-OH_NEW",101739
"Tri-3,7a,12a-OH_NEW",103568
"Tri-3,7a,12a-OH_NEW",103661
"Tri-3,7a,12a-OH_NEW",105035
"Tri-3,7a,12a-OH_NEW",107743
"Tri-3,7a,12a-OH_NEW",108226
"Tri-3,7a,12a-OH_NEW",109509
"Tri-3,7a,12a-OH_NEW",109642
"Tri-3,7a,12a-OH_NEW",112709
"Tri-3,7a,12a-OH_NEW",112743
"Tri-3,7a,12a-OH_NEW",112793
Tri-3a_12k,86628
Tri-3a_12k,87003
Tri-3a_12k,88912
Tri-3a_12k,89506
Tri-3a_12k,89704
Tri-3a_12k,94169
Tri-3a_12k,94389
Tri-3a_12k,103341
Tri-3a_12k,104662
Tri-3a_12k,104787
Tri-3a_12k,104950
Tri-3a_12k,108960
Tri-3a_12k,109069
Tri-3a_12k,124081
Tri-3a_12k,124236
Tri-3a_12k,124389
"Tri-3,6a,7a-OH",82261
"Tri-3,6a,7a-OH",84377
"Tri-3,6a,7a-OH",87003
"Tri-3,6a,7a-OH",89493
"Tri-3,6a,7a-OH",90060
"Tri-3,6a,7a-OH",90201
"Tri-3,6a,7a-OH",90290
"Tri-3,6a,7a-OH",90400
"Tri-3,6a,7a-OH",91041
"Tri-3,6a,7a-OH",91055
"Tri-3,6a,7a-OH",91267
"Tri-3,6a,7a-OH",91467
"Tri-3,6a,7a-OH",92889
"Tri-3,6a,7a-OH",93194
"Tri-3,6a,7a-OH",93308
"Tri-3,6a,7a-OH",93640
"Tri-3,6a,7a-OH",93803
"Tri-3,6a,7a-OH",94072
"Tri-3,6a,7a-OH",94131
"Tri-3,6a,7a-OH",94204
"Tri-3,6a,7a-OH",94228
"Tri-3,6a,7a-OH",94506
"Tri-3,6a,7a-OH",94916
"Tri-3,6a,7a-OH",95037
"Tri-3,6a,7a-OH",100890
"Tri-3,6a,7a-OH",101189
"Tri-3,6a,7a-OH",101198
"Tri-3,6a,7a-OH",101285
"Tri-3,6a,7a-OH",102313
"Tri-3,6a,7a-OH",102393
"Tri-3,6a,7a-OH",104542
"Tri-3,6a,7a-OH",104701
"Tri-3,6a,7a-OH",104715
"Tri-3,6a,7a-OH",106736
"Tri-3,6a,7a-OH",106753
"Tri-3,6a,7a-OH",107150
"Tri-3,6a,7a-OH",107706
"Tri-3,6a,7a-OH",107773
"Tri-3,6a,7a-OH",107796
"Tri-3,6a,7a-OH",107833
"Tri-3,6a,7a-OH",107871
"Tri-3,6a,7a-OH",109695
"Tri-3,6a,7a-OH",113312
"Tri-3,6a,7a-OH",116209
"Tri-3,6a,7a-OH",119633
"Tri-3,6a,7a-OH",119677
"Tri-3,6a,7a-OH",120218
"Tri-3,6b,7a-OH",81399
"Tri-3,6b,7a-OH",82776
"Tri-3,6b,7a-OH",85439
"Tri-3,6b,7a-OH",86220
"Tri-3,6b,7a-OH",87395
"Tri-3,6b,7a-OH",87424
"Tri-3,6b,7a-OH",88305
"Tri-3,6b,7a-OH",88306
"Tri-3,6b,7a-OH",88402
"Tri-3,6b,7a-OH",88428
"Tri-3,6b,7a-OH",88588
"Tri-3,6b,7a-OH",88786
"Tri-3,6b,7a-OH",89193
"Tri-3,6b,7a-OH",89381
"Tri-3,6b,7a-OH",89419
"Tri-3,6b,7a-OH",91603
"Tri-3,6b,7a-OH",91737
"Tri-3,6b,7a-OH",91963
"Tri-3,6b,7a-OH",92944
"Tri-3,6b,7a-OH",93184
"Tri-3,6b,7a-OH",98368
"Tri-3,6b,7a-OH",98377
"Tri-3,6b,7a-OH",98378
"Tri-3,6b,7a-OH",99215
"Tri-3,6b,7a-OH",99492
"Tri-3,6b,7a-OH",99915
"Tri-3,6b,7a-OH",100339
"Tri-3,6b,7a-OH",106753
"Tri-3,6b,7a-OH",109871
"Tri-3,6b,7a-OH",112531
"Tri-3,6b,7a-OH",119321
"Tri-3,6b,7a-OH",119396
